label,sentence
negative,"Finnish electronics contract manufacturer Scanfil had net sales of EUR 52.2 mn in the first quarter of 2007 , down from EUR 60.1 mn a year before ."
neutral,The agreement includes the entire process of managing Mercator 's supply chain in all regions where the company is currently present .
neutral,"The platen edges in contact with the band are provided with a seal having a protrusion directed towards the middle area of the platen , and means are provided to exert and maintain a pressure in the volume defined by the platen , the band and the seal . ''"
neutral,"` Sanoma is a buyer not a target , ' he said ."
neutral,Panostaja did not disclose the purchase price .
negative,"The international electronic industry company Elcoteq has laid off tens of employees from its Tallinn facility ; contrary to earlier layoffs the company contracted the ranks of its office workers , the daily Postimees reported ."
neutral,Cymed 's net sales are expected to amount to EUR 3.5 mn in 2006 .
neutral,"Now , Nokia has announced the launch of Bicycle Charger Kit that is compatible with all Nokia phones that have a 2 mm charging interface ."
neutral,This solution is an extension to the existing online mediation solution delivered earlier by Comptel and IBM .
negative,Finnish insurance company Fennia and Kesko Group are ending their loyal customer cooperation .
neutral,"As a result of the share issue , the number of the company 's shares increases by 391,630 shares and the share capital by a total of EUR 15,665.20 ."
positive,"Thanks to his wide contact network and good knowledge of market and business environment , he will give a great contribution to the further development of our Indian operations '' , tells Incap 's President & CEO Juhani Hanninen ."
neutral,An appeal concerning the project has been lodged at the Czech Ministry of the Environment .
positive,Panostaja Oyj s ( Panostaja ) Board of Directors decided on 16 December 2010 on a new long-term incentive and commitment plan for members of the management team .
neutral,"Product coverage : baked goods ; biscuits ; breakfast cereals Data coverage : market sizes historic and forecasts , company shares , brand shares and distribution data ."
neutral,"The Vuokatti unit will be developed to focus especially on the manufacture of prototypes , the ramp-up of new products and the demanding testing and after-sales services ."
positive,"Neste Oil Corp. has signed long-term procurement contracts with Honkajoki Oy and Findest Protein Oy , both owned by Finnish food manufacturers , for the supply of animal fat for biodiesel production at Neste 's 200,000 b-cd Porvoo , Finland , refinery ."
positive,"ADP News - Nov 18 , 2008 - Finnish AC drives manufacturer Vacon Oyj OMX : VAC1V said today that it had set up new representative offices in Romania and Ukraine to serve the growing markets in eastern and southeastern Europe ."
negative,Korhonen was dismissed from her post of editor in chief of the group 's newspaper Lapin Kansa in December 2008 .
neutral,"After piloting , the instrument will be further developed according to the experiences gained ."
positive,Circulation revenue has increased by 5 % in Finland and 4 % in Sweden in 2008 .
neutral,"The company is in charge of all natural gas storage activities in France , Great Britain , and Germany ."
neutral,"The company 's profit totaled Ls 134,700 ."
neutral,"The company said production volumes so far indicate the circuit is capable of the targeted output rate of 60,000 tonnes per day , or 22 million tonnes a year ."
neutral,"Finnish real estate company Sponda Oyj said on April 11 , 2008 it would build Vuosaari Harbour Service Center at the Port of Helsinki ."
neutral,"Ahlstrom 's 5,700 employees serve customers via sales offices and production facilities in more than 20 countries on six continents ."
positive,"The new agreement , which expands a long-established cooperation between the companies , involves the transfer of certain engineering and documentation functions from Larox to Etteplan ."
positive,TELE2 Affarsvarlden gave a `` buy '' recommendation on mobile operator Tele2 AB and a share price target of 142 crowns ( $ 23.54 - 15.19 euro ) .
neutral,The fuel purchase contracts have been signed with three months ' delivery from this September to November .
neutral,"To showcase our end-to-end capabilities at the Mobile World Congress , we arranged an internal MeeGo application development competition to entice developers to create new applications ."
positive,The 2015 target for net sales has been set at EUR 1bn and the target for return on investment at over 20 % .
positive,"It combines a perfect price performance with sophisticated management facilities , the company said ."
neutral,Atria will also buy the shares of Kauhajoen Teurastamokiinteistot Oy (Kauhajoki slaughterhouse property)from Itikka Co-operative .
positive,"EPS from continuing operations came in at 0.30 eur , up from 0.17 ."
neutral,U.S. District Judge Douglas P. Woodlock yesterday extended a Jan. 17 temporary restraining order until March 7 .
neutral,Active shipping is essential for Finland .
positive,"Net interest income totaled EUR 15.9 mn , compared to EUR 15.6 mn a year earlier ."
neutral,"The company operates worldwide and employs in total approximately 47,000 persons ."
neutral,Medical Devices - Russia This brand-new market analysis gives a clear overview of the actual situation and future outlook of the medical device market in Russia .
positive,"The OMX Helsinki 25 index was up 0.92 pct at 2,518.67 and the Helsinki CAP portfolio index was 0.91 pct higher at 4,711.19 ."
neutral,He joined Rautakirja in 1997 to lead one of its four business areas and took up the position of President and CEO in 2001 .
neutral,"Also , Westpac is to issue a benchmark , 18 month FRN deal in Euros ."
neutral,Tekla Structures 16 is ` all about you and your team ' and compatible with the Windows 7 operating system .
neutral,"Besides , Pit-Produkt will enter the new segments ."
positive,The mill has long traditions and holds an established position in the markets .
positive,"According to Finnish insurance companies Tapiola , Local Insurance Group ( L+Æhivakuutus ) , and Pohjola the two fierce storms at the end of July and in the beginning of August 2010 that felled trees around Finland have speeded up sales of forest insurance ."
positive,"Glaston , headquartered in Tampere , Finland , is a growing , international glass technology company ."
neutral,GyPSii service supports ten different languages including Korean and Russian .
positive,CDLI highlights the companies that provided the most comprehensive response to the Carbon Disclosure Project CDP information request .
positive,EBIT margin was up from 1.4 % to 5.1 % .
neutral,Under the terms of this agreement Lextel Group has committed to an opening order of EUR3 .75 m for Benefon mobile units to be co-branded with Capitel for the China market .
positive,Clothing chain Sepp+Æl+Æ 's net sales increased by 7.0 % to EUR 30.8 mn .
neutral,Otherwise the situation is under control .
neutral,"Goodwill and other intangible assets account for some 2.0 mln euro ( $ 2.6 mln ) of the purchase price , 20 pct of which payable in Aspo shares ."
positive,Last year SysOpen Digia invested in IBM product know-how in the building of portal and trading place systems and successfully implemented customer solutions supported by it .
positive,"At the same time , sales development in Russia was boosted by the opening of Stockmann Nevsky Centre in St Petersburg ."
neutral,Lemmink+Æinen started the manufacture of roofing felt in 1920 and the production of asphalt in the 1930s .
positive,"By 14:29 CET on Monday , shares in Bavarian Nordic had climbed 1.21 % to DKK250 on the stock exchange in Copenhagen after having lost 7.41 % in the past month ."
neutral,The previous offer was 3.4 % of voting rights and 12.3 % of capital .
neutral,The deal includes an option for Cramo to buy out the minority stake in 2011 .
neutral,"The center offers a comprehensive range of device design services spanning from electronics , mechanics and software design to a full range of testing laboratory services ."
positive,( I&H ) in a move to enhance growth .
positive,"And earlier this month , the company signed a deal with India-based information technology services giant Wipro Technologies to transfer and sell its radio access related R&D activities in Berlin ."
neutral,"The Filter Tips cover the volume range from 0.1-1200 -ðl including new sizes for 10 , 20 , 100-120 , 200 , 300 , 1000 and 1200 -ðl volume capacities ."
neutral,"Poyry is a global consulting and engineering firm focusing on the energy , forest industry and infrastructure & environment sectors ."
positive,"According to Sepp+Ænen , the new technology UMTS900 solution network building costs are by one-third lower than that of the building of 3.5 G networks , operating at 2,100 MHz frequency ."
neutral,"Tieto 's service is also used to send , process and receive materials related to absentee voting ."
neutral,"She will succeed Krister Kylas , who has decided to leave TeliaSonera ."
neutral,Suomen Paikallissanomat Oy is part of Alma Media Group and it currently publishes 15 local newspapers across Finland .
neutral,"`` The summer collection 2008 will be joyfully fresh like a vitamin injection , '' said H&M 's head of design Margareta van den Bosch ."
neutral,"The equipment will be made at Vaahto 's plant in Hollola in Finland , and delivery is scheduled for the first quarter of 2009 ."
neutral,"Trading code : ELI1V Number of shares : 99,483 Price-share : Gratuitous After the transfer , Elisa holds a total of 10,435,023 own shares ."
positive,Industry Investment is very interested in Glaston 's solar energy projects .
neutral,The electricity requirement of networks will grow with the new mobile generation .
positive,Ruukki 's order book at the end of 2010 was 30 % up year-on-year and 10 % up quarter-on-quarter .
positive,"`` Our decision and resolve on MeeGo is only stronger , '' she continued ."
neutral,`` This could be us .
neutral,"schwalm ( at ) outotec.com Eila Paatela , Vice President - Corporate Communications tel. +358 20 529 2004 , mobile +358 400 817198 e-mail eila ."
neutral,The veneer and plywood industry in Sweden is quite small despite the raw material resources .
positive,The world 's biggest magazine paper maker said the program to improve efficiency will include closing several of its least competitive mills and would cover all the company 's operations resulting in annual savings of some euro200 million US$ 240 million .
positive,These companies will be able to keep their market positions .
positive,"Shares of Standard Chartered ( STAN ) rose 1.2 % in the FTSE 100 , while Royal Bank of Scotland ( RBS ) shares rose 2 % and Barclays shares ( BARC ) ( BCS ) were up 1.7 % ."
neutral,The GeoSolutions team further provides an intriguing new technology combining GPS and Mobile-based technologies together with Internet-based social networking .
negative,"Sales in Finland decreased by 2.0 % , and international sales decreased by 9.3 % in terms of euros , and by 15.1 % in terms of local currencies ."
positive,TeliaSonera has secured deliveries for 4G modems with support for 3G and 2G during the second quarter 2010 .
positive,"Systeemitiimi 's sales and project resources will also be strengthened , director Paul Skogberg said ."
positive,"Finland-based Elcoteq SE , a privately held provider of electronics manufacturing services to communications companies , said Thursday it signed a long-term manufacturing supply deal with communications equipment company Andrew Corp. ."
neutral,Following the increase the company+EUR TM s capital totals 5.5 mln Romanian lei $ 1.98 mln-1 .56 mln euro .
neutral,"In Europe , the paper industry 's situation is paradoxical ."
neutral,"It makes a wide range of mobile devices with services and software that enable people to experience music , navigation , video , television , imaging , games and business mobility ."
positive,Production will expand to other of Elcoteq 's locations including Mexico and Hungary during 2010 .
neutral,"The closing of the transaction is scheduled to take place on January 10 , 2008 ."
positive,Finnish Vacon has signed significant deals with Norwegian Scandinavian Electric Systems ( SES ) on the supply of AC drives .
positive,"Net income from life insurance rose to EUR 16.5 mn from EUR 14.0 mn , and net income from non-life insurance to EUR 22.6 mn from EUR 15.2 mn in 2009 ."
neutral,"Stora Enso Oyj said Friday it will sell its North American unit to NewPage , in a deal valued at euro1 .82 billion US$ 2.52 million ."
negative,down to EUR5 .9 m H1 '09 3 August 2009 - Finnish media group Ilkka-Yhtyma Oyj ( HEL : ILK2S ) said today its net profit fell 45 % on the year to EUR5 .9 m in the first half of 2009 .
positive,Outokumpu 's chief executive Juha Rantanen expressed his confidence in China market .
positive,"For the full 2010 the company expects its net sales and operating result to improve from the previous year , saying that a positive operating result and its amount will depend on the order intake by the end of the summer ."
neutral,"In 2007 , Alma Media 's operating profit was about EUR 53mn ."
neutral,"A total of 131000 Talvivaara Mining Company Plc 's new shares were subscribed for during the period between May 1 , 2010 and June 30 , 2010 under the company 's stock option rights 2007A ."
neutral,"The company had net sales of EUR 10.8 million in 2008 , and today has approximately 120 employees in Finland , Estonia and Poland ."
neutral,"Once your plants are in the ground they will continue to grow , but the success of any garden lies in how well it 's maintained ."
neutral,Export accounts for about one tenth of the company 's annual turnover of one billion kroons .
negative,Diluted earnings per share ( EPS ) stood at EUR 0.25 versus EUR 0.42 .
neutral,Latvia 's Stockmann shopping mall is a subsidiary of Finland 's Stockmann Plc. .
neutral,Our tools are specifically designed with the needs of both the business users and ICT experts in mind .
positive,"The EBITDA was EUR116m compared to EUR115m , corresponding to an EBITDA margin of 33 % ."
positive,Nokia - the world 's largest mobile phone manufacturer - and China Postel - China 's largest mobile phone distributor - have a long-standing partnership that continues to grow stronger over time .
positive,Sales of security and system packaging increased slightly .
neutral,The acquisition of AVC Systemhaus and the majority stake in Cableway will increase the number of Teleste personnel by 250 .
neutral,"Panostaja , headquartered in Tampere , Finland , is an investment company focusing on small and medium-sized Finnish companies operating in the traditional industries ."
neutral,Risk exposure by Non-life Insurance  Moving 12-month  Expenses by function in Non-life Insurance excluding expenses for investment management and expenses for other services rendered Non-life Insurance investment portfolio by allocation
neutral,The ongoing project where Tekla Structures is being used is the Vashi Exhibition Centre being developed by Insteel Engineers Pvt Ltd-IIVRCL Infrastructures & Projects Ltd & CIDCO .
positive,"Net interest income was EUR 39.3 mn , up from EUR 32.7 mn ."
positive,"The growth in the activeness of Talentum 's customers , which started at the end of 2009 , continued during the reporting period , the company stated ."
negative,"Jul. 18 -- Police are looking for a man who they say terrorized three males at gunpoint on East Maple Avenue this afternoon , shooting one of them and kidnapping another ."
neutral,Russia wants to utilise its huge forest reserves in a very different way from what has been done so far .
positive,Kazgiprotsvetmet and Outotec Finland have signed an agreement on strategic cooperation in the marketing and providing of minerals processing and metallurgical plants and related services in Kazakhstan and the surrounding countries .
positive,The new policy was also aimed at making the companies more profitable and competitive .
negative,"Most of the permanent layoffs will be in the plywood and sawn timber sectors of the Finnish company 's operations at several domestic mills , where earlier this year it temporarily laid off some 1,200 workers to save costs ."
neutral,The full-function PC weighs 1.25 kilograms and measures slightly more than two centimeters thin .
neutral,"Incap , headquartered in Oulu , Finland , is a electronics contract manufacturer with some 750 employees in Finland , Estonia and India ."
neutral,"Sales in local currencies decreased by 0.5 percent while the number of subscribers rose by 12.7 million to a total of 147.6 million at the end of fourth quarter , the company said ."
neutral,Ahlstrom 's share is quoted on the NASDAQ OMX Helsinki .
negative,The company initially estimated that it would cut up to 30 jobs .
neutral,The category was marked by maturity and the recession .
neutral,"Simmons Elected DCUC Chairman PORTSMOUTH , N.H.-Gordon A. Simmons , CEO of Service Credit Union , has been elected chairman of the Defense Credit Union Council for the 2007-2008 term ."
negative,"The fair value change of investment properties was EUR 15.8 mn , compared to EUR 22.9 mn in the third quarter of 2009 ."
negative,"Finnish soapstone processing and fireplaces maker Tulikivi Oyj said on February 26 , 2007 it would cut less than 20 jobs from its fireplace sales organization , production facilities and its subsidiary Kermansavi Oy ."
positive,The company 's market share is continued to increase further .
positive,"Furthermore , Bunge will also sign a licensing agreement for the Sunnuntai and Carlshamn Mejeri brands ."
positive,"Tieto offers Aktia a good foundation and the required support services for implementing the update project , ' says Juha Volotinen , responsible for Aktia 's web services ."
negative,"Operating profit , excluding non-recurring items , totalled EUR 2.2 mn , down from EUR 2.7 mn in the corresponding period in 2008 ."
neutral,HK Ruokatalo 's target is to know the consumers .
neutral,The company reported net sales of 302 mln euro $ 441.6 mln and an operating margin of 16 pct in 2006 .
positive,Operating profit margin increased from 11.2 % to 11.7 % .
neutral,The company then said it will focus its resources on clinical research .
neutral,"CHS Expo Freight is a major Finnish fair , exhibition and culture logistics company that provides logistics services to various events by land , air and sea ."
neutral,"Swedish telco TeliaSonera is teaming up with Friends , a Swedish organization against bullying , to fight bullying of children and teenagers via electronic channels ."
neutral,Ixonos will finance the acquisition through a 3.8 mln euro $ 5.2 mln loan .
neutral,Finnish food company Raisio Oyj HEL : RAIVV said on Friday it has wrapped up the divestment of its margarine operations to US sector player Bunge Ltd NYSE : BG for EUR80m USD119 .2 m .
negative,"The decision means temporary lay-offs of fixed duration at the company 's Nastola and Jyvaskyla units , in southern and central Finland , respectively ."
neutral,It is also in the process of taking a seat on CapMan 's board - a course which has the support of CapMan management .
neutral,Consumers are now increasingly interested in what they can do with heir phones .
negative,Finnish-Swedish Stora Enso does not understand the decision issued by a federal judge in Brazil concerning Stora Enso 's associated pulp company Veracel .
negative,"However , the company saw its net profit for the third quarter down to EUR1 .4 m from EUR1 .5 m for the corresponding period of 2009 ."
neutral,FCC Chairman Kevin Martin said that fair play required extending the same deregulatory rules to the digital subscriber lines that telecom providers use for broadband networks .
neutral,The building will house product development and test laboratories .
positive,"`` I 'm pleased to receive the Nomination Committee 's request and confidence , '' says Jon Risfelt ."
neutral,"Finnish IT consultancy Satama Interactive Oyj said on November 13 , 2006 that Jarmo Lonnfors took up the position of CEO ."
negative,"However , the company saw its net profit for the third quarter down to EUR 1.4 million from EUR 1.5 million for the corresponding period of 2009 ."
neutral,"SRV will also build an aqua park with wellness area , a restaurant and a multifunctional ice arena ."
neutral,The product 's front-edge folding maximizes weather resilience and enables a seamless roof finish .
neutral,Absolut Bank is exploring the possibility of further borrowing .
positive,The EPS improved to EUR0 .38 from EUR0 .27 .
positive,Earnings per share were higher at 0.48 against 0.37 a year before and ahead of market consensus of 0.40 eur .
neutral,The Insolvency Act regulates the amount of debt that borrowers are permitted to write off .
positive,Diluted earnings per share ( EPS ) rose to EUR 1.05 from EUR 0.64 .
neutral,"For the purposes of the possible acquisition , PKC would establish a subsidiary in Poland ."
positive,Rautaruukki Corporation Stock exchange release 3 December 2009 at 12 noon Ruukki 's construction and engineering divisions are to further improve and adjust their operations in Finland .
neutral,"The Group , with net sales of EUR 235 million in 2009 , employs more than 2 000 people in 33 countries ."
neutral,`` We are selling an information systems development business to the Finns .
neutral,"The process , technology , project management , basic engineering and quality assurance within Forest Industry will be consolidated in Vantaa , southern Finland ."
neutral,"He does not believe , however , that HKScan or Atria will start to use imported meat as Finnish consumers prefer domestic products ."
positive,"18 May 2010 - Finnish electronics producer Elcoteq SE HEL : ELQAV said today that it has signed an extensive cooperation agreement on industrialisation , manufacturing , distribution and after-market services for mobile phones with Japan 's Sharp TYO : 6753 ."
neutral,"The technology will become available to businesses from the fourth quarter , Nokia said ."
positive,Talvivaara also maintains its assumption of turning cash flow positive before the year end .
neutral,"Finnish investor Scanfil Oyj ( HEL : SCF1V ) said last Friday it has bought 57 million shares , or 32.96 % , in Norwegian contract electronics manufacturer Kitron ASA ( OSL : KIT ) for NOK 143.9 million ( USD 24.4 m-EUR 18.1 m ) ."
positive,"According to Finnish Aktia Bank 's Managing Director Jussi Laitinen , the bank 's aim is to triple the number of its customers in Finland in the next five years ."
positive,KESKO FOOD LTD PRESS RELEASE 04.01.2006 AT 13.00 Kesko Food Ltd is launching a major TV campaign to recruit as many as one hundred new K-food retailers .
negative,"Operating loss totalled EUR 12.7 mn , compared to a profit of EUR 17.7 mn in the first half of 2008 ."
neutral,"The copying , republication or redistribution of AFX News Content , including by framing or similar means , is expressly prohibited without the prior written consent of AFX News ."
neutral,"There will be return flights from Stuttgart every morning , as well as evening departures on Thursdays , Fridays and Sundays ."
neutral,"Previously , Grimaldi held a 46.43 pct stake in the Finnish company following the takeover bid launched in November 2006 ."
neutral,"Poyry 's contract includes engineering management , civil and detail engineering services , and time scheduling and procurement services ."
negative,Full-year operating result for 2008 was 3.6 million negative .
neutral,Around 50 percent of the world 's ro-ro fleet is over 25 years old and needs to be scrapped for environmental reasons .
negative,"The staff reduction will start immediately , Glaston added ."
negative,Operating profit excluding non-recurring items totaled EUR 5.4 mn compared to EUR 5.5 mn in the corresponding period in 2007 .
neutral,"In total , more than 3000 surveillance cameras will be handled and managed according to a variety of needs , the company said ."
neutral,"` Nordea 's definitely too big for Sampo to acquire , ' said an analyst ` But Sampo would appear to have an agenda for Nordea ahead of the privatisation ."
positive,"MegaFon 's subscriber base increased 16.1 % in 2009 to 50.5 million users as of December 31 , while its market share by the number of customers amounted to 24 % as of late 2009 , up from 23 % as of late 2008 , according to TeliaSonera estimates ."
positive,"In recent months , Capman has taken significant steps to simplify its operations , CEO Lennart Simonsen said ."
neutral,"The 3C Expo is a signature show in Dongguan , which is supported by the Dongguan Municipal Government every year , featuring computer accessories , software , communication and network products ."
positive,"However , the proportion of the paid standing orders grew in 2009 ."
neutral,"The remainder of its revenues will come from technology agreements with other firms , InterDigital said ."
neutral,Stock Exchange Release 10/3/2011 12:00 Sanoma has published its Annual Report and Financial Statements for 2010 and its first Corporate Responsibility Report .
neutral,"Under the transaction agreement , Metsaliitto will purchase 24.7 % of Metsa-Botnia 's shares from UPM and 3 % from M-real ."
neutral,"Body The credit falls due February 24 , 2014 ."
neutral,"This order , when delivered , will bring the total output of electricity in Italy generated by Wartsila equipment to more than 1,300 MW ."
neutral,"The airline was targeting travel agents , tour operators and travel management companies to raise awareness first before targeting consumers , he added ."
negative,Finnish forest industry group Stora Enso Oyj issued on Thursday ( 20 March ) a profit warning for the first quarter 2008 .
positive,- I am pleased that Bjorn Wahlroos has accepted the nomination .
neutral,These restrictions do not apply to statutory dividends .
negative,A survey conducted by Taloustutkimus for Sampo Life shows that companies are badly prepared to losing key staff members .
neutral,The repurchase of the bonds was executed in the open market in accordance with section 7 f of the terms and conditions of the Convertible Bonds .
neutral,The Symbian Foundation plans to revise its procedures for testing and signing software after digitally signing a trojan for its Symbian mobile phone operating system by mistake .
neutral,"Elcoteq 's Electronics Manufacturing Services ( EMS ) Business Segment serves customers globally in Engineering , Manufacturing and Fulfillment services ."
neutral,"As a part of the plan , the Board of Directors decided to transfer a maximum of 330,000 shares held by the company in a share issue against payment directed to Aspo Management Oy , a holding company acquired by the management ."
positive,"Svyturys-Utenos Alus , which is controlled by the Nordic group Baltic Beverages Holding ( BBH ) , posted a 6.1 percent growth in beer sales for January-September to 101.99 million liters ."
neutral,Image data produced by the browser at the phone server is converted into a bitmapped image that is sent to the handset for display . ''
neutral,"The government started the sell-off last month , putting an 8 percent stake in TeliaSonera on the auction bloc ."
neutral,The online ice chart shows no ice in the area of Estonia 's sea ports on the coast of the Gulf of Finland .
positive,"( ADP News ) - Nov 28 , 2008 - Finnish power-supply solutions provider Efore Oyj ( OMX : EFO1V ) announced today the launch of OPUS DC , the latest power system in its OPUS product line ."
positive,"In addition to the Indian market , the new plant will serve Salcomp 's customers globally , the company said ."
neutral,It posted a turnover of 4.5 mln euro $ 6.1 mln and an operating profit of 1.5 mln euro $ 2.0 mln for 2006 .
neutral,` Nordic infrastructure construction is one of our strategic growth areas .
neutral,Nokia has enough users to do just as well .
neutral,"Name of Applicant : Jot Automation OYName of Inventor : Mammila Tuomo , Piirainen Mika and Kellokoski MikaApplication No. : 2424-KOLNP-2008 ADate of filing of Application : 16-06-2008Publication Date : 30/01/2009"
negative,"The group 's operating loss was EUR 0.8 mn , down from a profit of EUR 2.5 mn in 2004 ."
neutral,Upon completion of the deal Panostaja will establish a new business area within the group to focus on heat treatment of metals .
neutral,The commission said the hydrogen peroxide and PBS market was worth about 470 million euros in 2000 .
neutral,Teleste has some 30 offices worldwide and is listed on the Nordic Exchange in Helsinki .
neutral,hybrid bond 18 January 2010 - Finnish IT consultancy Trainers ' House Oyj HEL : TRH1V said last Friday it resolved to issue a EUR5m hybrid bond to domestic investors in a bid to strengthen its capital structure .
positive,The value of the firm 's forestry holdings increased by SEK 3.6 bn .
positive,"The company said that its investments in the new market areas resulted in sales increase in Sweden , Poland , Russia and Lithuania ."
neutral,National sponsors for The Big Read include National Endowment for the Arts in cooperation with the Institute of Museum and Library Services and Arts Midwest .
neutral,"ALEXANDRIA , Va. , March 20 -- Patrik Flykt and Timo Alakoski , both of Helsinki , Finland , and Tapio Suihko and Nadarajah Asokan , both of Espoo , Finland , have developed a method of mobility support of Internet-type protocol traffic in a communication system ."
neutral,"Prothious Engineering ( www.prothious.com ) employs more than 1,000 and has a large portfolio of projects and an annual detailing capacity of more than 100,000 tonnes ."
neutral,The company will release its 2010 results on 11 February 2011 .
positive,"Mr Priit Kasak , Balti Metsamasina 's owner , said the Rakvere-based company wishes to increase Valmet 's market share from 27 % to a third in a couple of years ."
negative,Stora Enso Oyj said its second-quarter result would fall by half compared with the same period in 2007 .
neutral,"Swedish engineering consultant firm Etteplan is to establish a unit in town Borl+Ænge , by the turn of the month March-April 2008 ."
negative,"2009 3 February 2010 - Finland-based steel maker Rautaruukki Oyj ( HEL : RTRKS ) , or Ruukki , said today it slipped to a larger-than-expected pretax loss of EUR46m in the fourth quarter of 2009 from a year-earlier profit of EUR45m ."
neutral,"The Group 's consolidated net sales for 2009 totaled 1.5 billion euros and it employs approximately 10,000 persons ."
positive,Nordea sees a return to positive growth for the Baltic countries in 2011 .
neutral,"- The Group - s sales during the period were EUR 31.6 million EUR 36.6 million , 1-6/2007 and profit before taxes was EUR 0.2 1.3 million ."
neutral,Finnish construction company YIT HEL : YTY1V said it had agreed to take over German facility engineering and facility systems firm Caverion for EUR73m USD90 .3 m .
neutral,The total emissions reduction from 1999 to 2017 will be thus 41 % .
positive,That topped consensus forecasts for earnings of 0.21 euros a share .
neutral,"The Swedish buyout firm has sold its remaining 22.4 percent stake , almost eighteen months after taking the company public in Finland ."
neutral,"We have sound experience of project deliveries for large multi-purpose complexes and sports arenas '' , says Sami Eronen , SVP , Infrastructure and Northern Europe , Ruukki Construction ."
negative,"In July-September 2009 , Konecranes ' sales decreased to EUR 368.7 mn from EUR 520.4 mn in July-September 2008 ."
positive,The loss for the third quarter of 2007 was EUR 0.3 mn smaller than the loss of the second quarter of 2007 .
neutral,Finnish navigation device manufacturer Benefon that is changing its name to GeoSentric reports net sales of about EUR 1.1 mn in the second quarter of 2007 .
neutral,Symphony Services provides development services for Aldata GOLD .
positive,It therefore seems that Finnish shipping company Viking Line will get the subsidy it needs to order its new LNG-fuelled vessel .
neutral,The value of the orders is over EUR 25mn .
neutral,Finnish plumbing and heating systems supplier Uponor announced a company-wide cost reduction program in August 2008 .
neutral,"The company has a continuous need for alloys such as nickel , ferro-chrome , molybdenum and manganese in its production , said Talvivaara ."
positive,8 May 2009 - Finnish liquid handling products and diagnostic test systems maker Biohit Oyj ( HEL : BIOBV ) said today ( 8 May 2009 ) its net loss narrowed to EUR0 .1 m ( USD0 .14 m ) for the first quarter of 2009 from EUR0 .4 m for the same period of 2008 .
neutral,Net loss in the same period in 2009 was euro18 .6 million .
neutral,"A local waste management company , Turun Seudun J+Ætehuolto , has planned to set up a 150,000 tonne waste-burning facility ."
neutral,"The company operates its business through two reportable segments , including Banking and Investment Services , and Non-Life Insurance ."
positive,The divestment of Raisio 's margarine business in May 2009 gave the company a clearer focus on grain-based products .
positive,"Benefon , a wireless and GPS technology company , will supply Karputer with its TWIG navigation platform , a GPS satellite navigation and voice guidance service ."
neutral,"China Unicom , NYSE : CHU , HKSE : 0762 , and SHSE : 600050 , the second largest mobile carrier in the country ."
positive,"Finnish airline Finnair has won a deal with the UK public sector to be the official airline for flights from London Heathrow to Osaka in Japan , as well as flights between Manchester in the UK and Helsinki in Finland ."
neutral,"In February 2011 , new wording of Identity Documents Act that makes Mobile ID a state-approved electronic document as of February 1st 2011 entered into force ."
neutral,In his turn Fradkov said Russia is interested in adopting Finnish experience in forming technology parks in the framework of implementing the law on special economic zone .
positive,"Marimekko has today ( 20 November ) signed a license agreement with the Swedish chain , whereby Marimekko will license some of its popular patterns from the 1950s , 1960s and 1970s to H&M ."
positive,Previously the company has estimated its operating profit to reach the level of 2005 only .
negative,Operating cash flow after investments totalled EUR 61.3 mn compared to EUR 75.3 mn in the corresponding period in 2007 .
neutral,A total of $ 78 million will be invested in the project .
neutral,Basware Business Transactions Service enables the customer to receive and send invoices in an electronic format .
positive,"The circuit 's overall production rate on a weekly basis is now in excess of an average of 40,000 tonnes per day , with volumes in excess of 50,000 tonnes per day being reached on individual days ."
negative,"In the Baltic countries , sales fell by 42.6 % ."
positive,Revenues at the same time grew 14 percent to 43 million euros .
positive,"The iTunes-based material will be accessible on Windows-based or Macintosh computers and transferable to portable devices , including Apple 's iPods ."
neutral,"Of course , you 'll have direct access to Nokia 's Ovi store , so you 'll have lots of fun downloading your favorite media ."
neutral,Ingen is an established medical device manufacturer with an emerging new medical product line for the respiratory market worth an estimated $ 4 billion in the U.S. and $ 8 billion globally .
positive,"Foundries division reports its sales increased by 9.7 % to EUR 63.1 mn from EUR 57.5 mn in the corresponding period in 2006 , and sales of the Machine Shop division increased by 16.4 % to EUR 41.2 mn from EUR 35.4 mn in the corresponding period in 2006 ."
negative,Finnish Bank of +_land +_landsbanken has issued a profit warning .
neutral,Jon Risfelt is 49 years old holds a Master of Science in Chemical Engineering from the Swedish Royal Institute of Technology .
negative,Net sales dropped by 6 % year-on-year to EUR 11.9 million .
neutral,"no compensation for its news , opinions or distributions ."
neutral,"'s Outokumpu Technology business will begin trading on the Nordic Exchange in Helsinki starting Oct. 10 , becoming the sixth company to list on that exchange this year , the company said Friday ."
neutral,"The familiar blue , white , and red HK seal has received a more authentic look ."
neutral,"`` The new agreement is a continuation to theagreement signed earlier this year with the Lemminkainen Group , whereby Cramo acquired the entire construction machine fleet ofLemminkainen Talo Oy Ita - ja Pohjois Suomo , and signed asimilar agreement , '' said Tatu Hauhio , managing director ofCramo Finland ."
positive,"In August-October 2010 , the company 's result before taxes totalled EUR 9.6 mn , up from EUR 0.5 mn in the corresponding period in 2009 ."
neutral,The contract is for next year .
neutral,"The subject of the project is provide to the company like : Software programming and consultancy services , Computer-related services , Data services , Computer support and consultancy services , Internet services etc. ."
positive,"Lee & Man Paper and Metso have a long and prosperous co-operation , a good example of which are the Changshu and Hongmei kraftliner machines delivered earlier ."
neutral,`` The new unit is a major investment in the Finnish media scene .
neutral,"Through the new production lines at the Novator mill in Veliky Ustjug , Vologda Oblast , Sveza will change its current 1.5 m by 1.5 m birch plywood production targeting the domestic market to produce 1.5 m by 3.0 m overlaid birch plywood for the global market ."
negative,"Finnish Scanfil , a systems supplier and contract manufacturer to the communications sector and the electronics industry , reports its net sales totalled EUR 94.7 mn in the first half of 2010 , down from EUR 99.5 mn in the first half of 2009 ."
negative,"Also the city 's insurance company , If P & C Insurance , has said it will not pay compensation ."
neutral,"The contract covers the manufacturing , surface-treatment and installation of the steel structures ."
neutral,The price of GMO soy is 5 % -7 % lower than that of non-GMO .
neutral,Salcomp Manufacturing Oy will pay EUR 35 million in cash to Salcomp in connection with the implementation of the sale and transfer of the Business .
neutral,"YIT acquired investment rights to a 10,000 square metre residential project in Yaroslavl and to a 16,400 square metre project in Moscow ."
neutral,"In today s business , you have to pre-empt what consumers want , said Mohammed Zainalabedin , General Manager , Zain Bahrain ."
neutral,"Additionally , the company will use the solutions to automate the preparation of financial statements according to IFRS standard ."
positive,"Both operating profit and sales for the three-month period increased , respectively from EUR0 .3 m and EUR13 .1 m , as compared to the corresponding period in 2005 ."
neutral,Vianor sells tires for cars and trucks as well as a range of other car parts and provides maintenance services .
positive,"W+Ærtsil+Æ 's solution has been selected for its low fuel consumption , environmentally sound technology , and global service support ."
neutral,The mill is concentrating on getting the supercalendered line running satisfactorily before restarting its older newsprint line .
neutral,"ASPO Plc STOCK EXCHANGE BULLETIN October 24 , 2006 at 2:00 p.m. Aspo Systems Division has completed the statutory negotiations , as required under the Act on Co-Operation Within Undertakings , conducted as part of the action plan launched in August ."
neutral,The firm generated sales of 187 mln eur in 2005 .
neutral,Aldata noted that its Voice Supply Chain Technology approach enables VDW to integrate with warehouse management systems .
neutral,"The total restructuring costs are expected to be about EUR 30mn , of which EUR 13.5 mn was booked in December 2008 ."
positive,This transaction will also rationalize our pulp and paper industry related solutions .
neutral,"By the end of 2006 , the number of joint branch offices will total 170 ."
positive,Sales of clothing developed best .
positive,"`` We are delighted to announce our support for Intel based handheld platforms , the capabilities of which have made our development easier and faster ."
positive,"The fair value of investment properties totalled EUR 2,299.9 mn , compared to EUR 2,229.5 mn in the corresponding period in 2009 ."
positive,"We aim to ensure that Vacon is in good shape when capital expenditure starts to pick up again , '' comments Vacon Plc President and CEO Vesa Laisi ."
neutral,"FinancialWire tm is not a press release service , and receives no compensation for its news , opinions or distributions ."
neutral,"Rautalinko was resposnible also for Mobility Services , and his job in this division will be continued by Marek Hintze ."
positive,"`` Neste Oil is working with over 20 research communities in Europe , America , Africa , Asia , and Australia to develop and introduce new raw materials ."
positive,YIT says the acquisition is a part of its strategy for expansion in Central and Eastern European markets .
negative,"Paper stocks were among the biggest fallers , with Stora Enso down 2.30 pct to 14.01 eur , M-real down 2.86 pct to 5.09 eur and UPM-Kymmene 1.14 pct lower at 19.10 eur ."
positive,"The company 's consolidated operating profit amounted to EUR 15.86 mn , up from EUR 4.14 mn year-on-year ."
positive,"In addition , Cramo and Peab have signed exclusive five-year rental agreements in Finland and have extended their existing rental agreements in the Swedish market for another five years ."
neutral,"As such , the space has blond wood floors ( unlike the rest of the store ) and a notably Scandinavian vibe ."
positive,Operating result including non-recurring items rose to EUR 146mn from a loss of EUR 267mn in 2009 .
positive,The company also estimates the already carried out investments to lead to an increase in its net sales for 2010 from 2009 when they reached EUR 141.7 million .
neutral,Altogether 150 subjects with mildly elevated cholesterol levels participated in the four-month long intervention .
neutral,"The broad-based WIG index ended Thursday 's session 0.1 pct up at 65,003.34 pts , while the blue-chip WIG20 was 1.13 down at 3,687.15 pts ."
neutral,"Economic development in China is no longer taking place only on the East coast and in the Shanghai area , Vauramo says ."
positive,The acquisition will considerably increase Kemira 's sales and market position in the Russian metal industry coatings market .
neutral,Finnish Stockmann Group 's mail order unit Hobby Hall has launched a trial marketing campaign in Russia .
negative,"Operating profit for the 12-month period decreased from EUR157 .5 m , while net sales increased from EUR634 .3 m , as compared to 2007 ."
negative,The terms of the aforementioned funding are considerably below the Bank 's current CDS levels in the market and have a maturity ranging from 1 to 7.5 years .
neutral,Nordea Bank has a large share and vast experience in the Nordic credit card market .
neutral,A paper mill in the central Maine town of Madison soon will have a new owner .
neutral,The second-quarter net sales are expected to be on par with the first quarter of 2009 .
neutral,It has sold one half of its business operations and will enter the Helsinki Stock Exchange via the back door through an innovative buyout arrangement with Kasola .
neutral,Earnings per share EPS amounted to EUR0 .01 .
neutral,The Line 4 will run fully underground and will comprise 10 stations which will be executed in two implementation stages .
positive,Raisio 's malting capacity was in full use in 2008 .
positive,Net sales of Finnish food industry company L+Ænnen Tehtaat 's continuing operations increased by 13 % in 2008 to EUR 349.1 mn from EUR 309.6 mn in 2007 .
neutral,"Meanwhile , minority shareholders , expecting TeliaSonera to retain the bid , sell shares now ."
neutral,"LCS 's services cover the whole life cycle of software and information systems , from process modelling and tailored software development , to hosting services , solution management , maintenance and support ."
neutral,"The company targets sales of Ls 27.1 mn ( Ls 23.498 mn ) and a profit of Ls 300,000 ( Ls 371,500 ) in 2007 ."
neutral,"With the government exempting certain stainless steel products from anti-dumping duties , Finland-based Outokumpu today said it will look to enter into supply pacts with the Indian Railways soon ."
negative,"In this case , the effect would be negative in Finland ."
neutral,"The third applicant , Fortum , was dropped ."
neutral,"According to Seikku , the retail sector in Finland is controlled by 3-4 large actors , while food manufacturers are still relatively small ."
neutral,All YIT Capital Markets Day materials will be available on the company 's Internet site at www.yitgroup.com/investors at 10:30 on September 26 .
neutral,"It is being developed by Symbian , the software licensing consortium led by Nokia ."
negative,The company decided at the end of 2008 to temporarily shut down its ammonia plant in Billingham and extend the maintenance period at its Ince facility .
neutral,The contract includes heating plant equipment and associated installation work .
negative,"At 12.59 pm , the OMX Helsinki 25 index was 0.32 pct lower at 2,694.81 ."
neutral,"According to preliminary data from Slovakia 's Statistics Office , goods worth E36 .4 million were imported from Finland between January and October 2010 , making up 0.1 percent of Slovakia 's total imports ."
neutral,Juha-Pekka Weckstr+¦m has been appointed President of telecom group TeliaSonera Finland to succeed Esa Rautalinko .
neutral,"Under the deal , Know IT will pay SEK90m ( USD12 .8 m-EUR8 .6 m ) in cash and stock ."
positive,"As part of the transaction , M-real and Sappi have also signed a long-term agreement on the supply of pulp and BCTMP and other smaller services and supplies ."
neutral,"HELSINKI AFX - Cargotec said it has bought a 95 pct stake in Indital Construction Machinery Ltd , a Bangalore-based company that makes fork lift trucks and mobile cranes , for an undisclosed sum ."
positive,`` The CHF is a great product .
neutral,"The store is located in Poznan in a shopping center named Pestka , the company added ."
positive,The court found TelecomInvest 's arguments convincing .
neutral,The Oulu plant employs approximately 120 people .
neutral,Underground parking facilities will also be built on the basement floor .
positive,The District Court of Helsinki dismissed all charges as the court of first instance in 2005 .
neutral,Saunalahti is a part of the Elisa group .
positive,"International sales rose by 59.8 % to EUR 1,244.4 mn ."
negative,"In Finland , media group Talentum will start personnel negotiations to cut staff in parent company Talentum and publishing unit Talentum media ."
positive,The executive group will participate in the adjustments with a fixed-term 5 % salary cut .
neutral,Shuweihat 2 got under way in July 2008 when the project was awarded to desalination and power contractors .
neutral,"Tecnomen , headquartered in Espoo , Finland , develops messaging and charging solutions for telecomms operators and service providers worldwide ."
positive,The Federal Secretary for Transport and Communication of Mexico has awarded Poyry and its Mexican partner Sintra a consulting contract in connection with the Buenavista-Cuautitlan suburban railway .
positive,Altimo and TeliaSonera said yesterday that Usmanov would be welcome to join the new company .
positive,"By combining its existing solutions into a single platform , Comptel said that it has reduced the cost of deployment ."
negative,"Compared with the FTSE 100 index , which rose 36.7 points ( or 0.6 % ) on the day , this was a relative price change of -0.2 % ."
positive,"Outotec said it won new orders worth 492.9 mln eur during the quarter , compared with 240.4 mln eur a year earlier ."
neutral,Total two offers were received by Contracting Authority for participating in this contract ; however the contract was allotted to Affecto Finland Oy .
positive,"The Basware Connectivity services allow companies to handle purchase to pay processes online and make their internal processes more efficient , '' said CEO Ilkka Sihvo , Basware Corporation ."
neutral,"New Delhi , July 17 -- Sahlberg Teppo , Kallio Timo and Mustonen Tuomas of M Real OYJ , Espoo , Finland have developed novel markings and methods of producing the same ."
positive,"Also , it is bringing in `` the right kind of people '' to upgrade its human resources ."
neutral,"The maximum grade of the veneer yield is calculated , based on the dimensions and grades of the veneer products , as well as by iterating the places of the peeling axes and simulating the peeling process ."
neutral,Delhaize Le Lion has selected the Aldata G.O.L.D. Vocal PDA solution on the Motorola WT4090 PDA terminal .
neutral,Two of these contracts are for turntable anode vibrocompactors that will be delivered to Gansu Hualu Aluminum Co Ltd and another unnamed costumer .
positive,"( ADP News ) - Nov 5 , 2008 - Finnish electronic measurement products and solutions maker Vaisala Oyj ( OMX : VAIAS ) said today that its net profit rose to EUR 18 million ( USD 23.1 m ) for the first nine months of 2008 from EUR 1"
neutral,cents Recognize potential partnerships and suppliers .
neutral,"The businesses to be divested offer dairy , edible fats , ready-meal and ice-cream packaging to multinational and local customers ."
neutral,"The Group owns and operates a fleet of more than 800dwt , while container capacity is 17,000 TEUs , and manages a diversified fleet of its own railway rolling stock of over 17,000 units ."
positive,"Turnover surged to EUR61 .8 m from EUR47 .6 m due to increasing service demand , especially in the third quarter , and the overall growth of its business ."
positive,"We can choose the most efficient , best overall value option for our customers already at the bidding stage ."
neutral,IonPhasE 's second major owner is venture capital firm Aura Capital .
positive,The proportion of Estonian and Lithuanian passengers on the Tallinn-Helsinki route also grew in July .
negative,"The Estonian electronic components factory , Elcoteq , is running out of material because of the closure of air traffic ."
positive,"Finnish Ahlstrom Corporation will double its investments in a new specialty glassfiber reinforcement plant in South Carolina , in the US ."
negative,"However , this increases signaling traffic which wastes network resources and allows fewer smartphones to connect ."
neutral,The company plans to increase the unit 's specialist staff to several dozen -- depending on the market situation during 2010 .
neutral,The cranes would be installed onboard two freighters ordered by Singaporean ship owner Masterbulk .
negative,Aspocomp has a large factory in China and a factory building project in India that was halted due to financing problems .
positive,Finnish forest machinery manufacturer Ponsse 's net sales grew to EUR 51.3 mn in the first quarter of 2010 from EUR 37.5 mn in the corresponding period in 2009 .
neutral,"The Russian government will contribute 20 % of the necessary funds , he said ."
neutral,"Outotec 's scope of delivery includes design , basic engineering and supply of proprietary equipment for a sinter plant with a grate area of 496 square meters ."
neutral,"The sale will allow Campofrio to focus on its recently announced takeover of Groupe Smithfield Holdings , the European unit of Smithfield Foods Inc. ( SFD ) of the U.S."
neutral,Operating loss landed at EUR39m including one-offs and at EUR27m excluding one-offs .
neutral,Also the traditional grapevine carries a lot of weight .
neutral,No other ev3 devices were involved in this action .
negative,"At the close , the OMX Helsinki 25 was 0.01 pct lower at 3,067.64 points and the OMX Helsinki was down 0.05 pct at 10,321.46 points on over 1.343 bln eur of turnover ."
neutral,"Nokia OYJ 's production site at Bochum , Germany , posted profit before interest of 134 mln eur for 2007 , Capital reported in an excerpt of an article to be released tomorrow , citing internal documents ."
neutral,"MANAVIGATOR-November 1 , 2010-Deal snapshot : SWEDISH PEAB BUYS EQUIPMENT RENTAL FIRM CRAMO Swedish construction company Peab AB ( STO : PEAB B ) announced the acquisition of equipment rental company Cramo Entreprenadmaskiner AB from Finnish group Cramo Oyj ( HEL : CRA1V ) ."
positive,"Finnish GeoSentric , a developer and provider of solutions , products , and technologies for location based services , has preliminary agreed on a EUR 6mn short-term funding with its leading investor ."
neutral,Delivery will start immediately in June 2008 and will be completed in 2008 .
neutral,Nordea was the cheapest also for a couple in their 30s with debt .
negative,Finnish developer and manufacturer of mobile phone chargers Salcomp Plc OMX Helsinki : SAL1V on Wednesday 19 November lowered its full-year net sales estimate .
neutral,"The purchase of sites worth 300 million in the Thames Gateway will provide more than 1,200 homes ."
positive,The Group 's cash flow from operations will be positive .
positive,"For the first nine months of 2010 , the company 's net profit rose to EUR41m from EUR30m for the corresponding period of 2009 ."
neutral,The measures result from the statutory joint negotiations with employees which started in February and concerned all operations in the country .
neutral,Decisions are to be made as quickly as possible .
positive,"Operating profit was EUR 24.5 mn , up from EUR 23.0 mn ."
neutral,Finnish Rautaruukki is selling its precision tube and automotive component processing unit Carl Froh in Germany to German Arques Industries .
neutral,"UK 's Sarantel to outsource part of its processes to Elcoteq plant in Estonia LONDON , Oct 13 , BNS - The British miniature antennas maker Sarantel has signed an agreement to outsource its assembly test and supply chain processes to the plant of Elcoteq in the Estonian capital Tallinn ."
neutral,The markets expect Heineken to sell Hartwall as a whole or in parts .
neutral,"Cencorp , headquartered in Virkkala , Finland , develops and supplies automation solutions to the electronics and semiconductor industry that enhance productivity ."
neutral,"It is part of the development of the world-class magnetite deposit at Karara , which has the known potential for over 30 million metric tons of annual processing of magnetite over its estimated 30-year life ."
positive,"Luxembourg-registered investment fund Amber Trust II has won the final approval of Lithuania 's Competition Council to acquire 29.6 percent of Sanitas , the country 's largest pharmaceutical producer ."
neutral,"Ahlstrom Corporation STOCK EXCHANGE RELEASE 13.02.2008 Ahlstrom , a global leader in high performance fiber-based materials , today announced the completion of the acquisition of Friend Group Inc. , which consists of West Carrollton Parchment Company and West Carrollton Converting Company ."
neutral,The terms and conditions of Stock Option Scheme 2004 are available on the Group 's website .
neutral,"The five-storey , eco-efficient building will have a gross floor area of about 15,000 sq m. It will also include apartments ."
positive,"HELSINKI ( AFX ) - Retail and wholesale group Kesko reported net sales of 659.4 mln eur for February , an increase of 10.8 pct year-on-year ."
positive,Operating profit rose to EUR 13.1 mn from EUR 8.7 mn in the corresponding period in 2007 representing 7.7 % of net sales .
positive,Merrill Lynch analyst Campbell Morgan upgraded his recommendation on PaperlinX from `` neutral '' to `` buy '' in May .
neutral,"Its customers include local companies Slo Oy , Kiilto Oy , Toptronics Oy , Normark Suomi Oy , Pellonpaja Oy and Mansner Oy ."
positive,"`` It gives us a sense of pride and exposure , '' said Bruce Hansen , the SVH sales representative for Wolverine ."
positive,Finnish fibers and plastic products maker Suominen Corporation said its net loss narrowed to 1.6 mln euro $ 2.0 mln in the first nine months of 2006 from 2.16 mln euro $ 2.7 mln in the same period of 2005 .
neutral,"The total value of the project is estimated to be over 3.0 mln euro $ 4.4 mln , of which the services will be over 2.0 mln euro $ 2.9 mln and third-party licences more than 1.0 mln euro $ 1.5 mln ."
neutral,The net sales of the Power Plants business were EUR 710.3 million in 2005 .
neutral,"Purchase it for the 12MP snapper , if nothing else ."
positive,EPS grew to 0.04 eur from 0.02 eur .
neutral,"It is the first oil company to join RSPO and commits fully to sustainable sourcing of feedstocks for the production of its NExBTL biodiesel , it said ."
negative,"Loss after financial items totalled EUR 9.7 mn , compared to a profit of EUR 1.3 mn in the corresponding period in 2008 ."
neutral,"The official opening of the office , located in Prague , will be celebrated on May 20 ."
neutral,Implementation of the project will be carried out by the Finnish company YIT in association with the investment fund Evli Property Investment Russia ( EPI ) .
positive,With this appointment Kaupthing Bank aims to further co-ordinate Capital Markets activities within the Group and to improve the overall service to clients .
positive,"However , Biohit estimates its total net sales will continue to grow in 2009 , and that favourable trends in net sales will lead to a profit in 2009 ."
neutral,A PLUMBING business has announced it is sponsoring a professional darts player .
neutral,The bond has a value of EUR150m and a maturity of 4 years .
neutral,CF2 Pty Ltd became a substantial holder in Renison Consolidated Mines NL on January 25 with 150 million shares ( 7.9 pc ) .
neutral,"In addition , a good biological durability is achieved . ''"
neutral,"The acquired business main asset is a mobile authentication and signing solution , branded as Tectia MobileID , which provides authentication to web e-mail , SSL-VPN , MS SharePoint , Tectia Secure Solutions and other applications and resources ."
neutral,Both sources said Nokia would unveil its new phone code-named `` Tube '' on Oct. 2 at an analyst and media event in London .
neutral,The company may at any time have in its possession one tenth of all its shares at the maximum .
neutral,Panostaja Oyj 's Board also decided at its organisational meeting held upon completion of the AGM to implement the AGM decision concerning Board member fees paid as shares in such a way that shares are transferred on a quarterly basis on the date following publication of the quarterly-annual report .
neutral,Elisa has commissioned Finland 's Poyry Telecom Oy to conduct a study of reception in some of Estonia 's largest cities besides Tallinn .
neutral,"Fortum is looking to invest in several new production units , including a new waste-fired unit at its Brista combined heat and power ( CHP ) plant and a biofuels-based production unit at Vartan CHP plant ."
negative,The company expects its net sales for the whole 2009 to remain below the 2008 level .
negative,"Finnish plumbing and heating systems supplier Uponor 's net sales from continuing operations decreased by 9.4 % in 2008 to EUR 949.2 mn from EUR 1,047.4 mn in 2007 ."
neutral,Among the biggest Christmas sellers were a  35 satin bow shift dress styled on outfits worn by Victoria Beckham and a  75 Paris Hilton Prom dress .
negative,The company confirmed its estimate for lower revenue for the whole 2009 than the year-ago EUR 93.9 million USD 137.3 m as given in the interim report on August 5 .
neutral,"Finnish construction machinery and equipment rental group Cramo Oyj said on March 21 , 2007 its Swedish sector subsidiary Cramo AB will sell its Dutch subsidiary Cramo Nederland B.V. ( CNL ) to Dutch rental and scaffolding company Jaston Groep B.V. for an undisclosed sum ."
neutral,"At some point in 2010 , all separate company names , such as Palmberg , Tekmanni , Lemcon , Forssan Betoni , Suonenjoen Betonituote , among others , will disappear ."
positive,"In addition to the demand in Finland , the export of lining stone products also increased ."
neutral,"According to Pietinalho , doctors should motivate their patients who smoke every time they visit their doctors ."
negative,Nokia Siemens Networks has struggled to make a profit in the past two years .
positive,Net interest income increased by 4.5 % to EUR 31.4 mn from EUR 30.0 mn in 2004 .
neutral,Stora is due to release its fourth-quarter and 2009 full-year earnings on Feb. 4 .
neutral,"As an alternative to the share exchange , Panostaja offers a full cash consideration at the value of 1.27 euro $ 1.7 per share ."
positive,"`` We are delighted to welcome Elisa to our Board of Directors , '' said Garry McGuire , CEO of RMG Networks ."
neutral,"The natural source of isoprene is the tree species Hevea brasiliensis , also known as the rubber tree ."
positive,"Thanksto improvements in demand and the adjustments we have made , theutilization rates of Cramo 's fleet have substantiallyimproved . ''"
neutral,"The contract , which was signed yesterday , will run for five years and includes a two-year extension option ."
positive,"The company said that paper demand increased in all of its main markets , including of publication papers , and that it increased average paper prices by 4 percent compared with last year ."
positive,The Commission is to be applauded for applying a fact-based and data-driven approach and for providing clarity for future petitions .
neutral,The original contract was signed last summer .
positive,The Group aims to increase its net sales and comparable operating profit in 2006 .
positive,"Nevertheless , its market share rose to 49.14 percent from 48.51 percent a year earlier ."
positive,Business boomed after Ostrom helped plant a small story about Rapala lures in a Life magazine issue that featured Marilyn Monroe on the cover .
positive,The contracts have been signed to acquire uranium produced at the Sotkamo nickel-zinc mine in eastern Finland owned by Talvivaara .
neutral,"Private equity investor CapMan , the owner of Finnish Lumene cosmetics company , is planning to list Lumene ."
positive,"The new office , located in Shenzhen , will strengthen Vaisala 's already 10-year old presence in China ."
neutral,"According to Sweden 's Minister for Local Government and Financial Markets , Mats Odell , the decision to sell the State 's shares in telecom group TeliaSonera can only be carried out in cooperation with the State of Finland ."
neutral,Closing of such transaction took place today .
neutral,"The sellers include 40 shareholders , including Intellibis management , employees and other investors ."
neutral,"Elite Residence Tower , a new development by Tameer , is located at the heart of Dubai Marina ."
positive,"`` We have significant experience in smartphone functionality , in the development of mobile Internet services , and in uniting the two into a smooth user experience ."
neutral,The total value of these two contracts is over EUR 21 million .
positive,Operating profit rose to EUR2 .4 m from EUR1 .6 m year earlier .
neutral,The incident happened at 2:30 p.m. on Avenue 192 at Road 196 .
positive,"However , he expects banks to provide alternative financing ."
neutral,"L+Ænnen Tehtaat 's Food Division was reorganised into two strategic business units , Apetit Frozen Foods and Jams , and Apetit Fish ."
neutral,The annual value of the contracts is estimated at USD 2mn over the next three years .
negative,"Insurer Axa ( PAR : CS ) slid by 5.35 % to EUR 14.15 , after Citigroup and ING slashed their targets on the stock ."
neutral,Protalix has $ 42 million in cash and no sales .
neutral,"Glaston 's own glass processing unit , Tamglass Glass Processing , is a manufacturer of high quality safety glass products , and operates in Finland ."
positive,Those will be partially offset by a 186 mln eur gain on the sale of its Celbi pulp plant in Portugal .
positive,Our superior customer centricity and expertise in digital services set us apart from our competitors .
neutral,The products have a low salt and fat content .
positive,"The subscriptions increase Cargotec 's share capital by EUR 27,060 ."
positive,The pipeline is strong .
positive,"The antibody , given at repeated doses of up to 8 mg-kg , was generally well tolerated , and the pharmacokinetic characteristics of BTT-1023 in psoriasis patients were consistent with those observed in a previously completed study in rheumatoid arthritis RA patients ."
positive,"The report provides a comprehensive insight into the company , including business structure and operations , executive biographies and key competitors ."
positive,The transactions would increase earnings per share in the first quarter by some EUR0 .28 .
neutral,Changes to the as-built models from the design were communicated to the subcontractors to accommodate them into the steel and GRC fabrication process .
positive,"VDW combined with LXE devices enhances productivity , enabling workers to use a single device to perform voice , scanning and keyboard functions ."
neutral,"`` Tweeple should check who 's following them , and be cautious when clicking on URLs and tinyurls . ''"
neutral,"One price category is for calls on the preferred operator 's network , and another for calls on other operators ' networks ."
neutral,"The value of the deal exceeds EUR500 ,000 , the company said ."
neutral,Mr Skogster currently serves as the manager responsible for ABB Oy 's system modules for low voltage drives .
positive,The company is well positioned in Brazil and Uruguay .
neutral,Lieksaare Oy has earlier been regarded under the control of Saarelainen Oy and the individual shareholders under the shareholder agreement .
neutral,Rihko started to manage Raisio 's Benecol business in summer 2006 after heading tobacco company Altadis ' European operations .
neutral,These savings will have full impact as of the beginning of 2007 .
neutral,"Ahlstrom 's 5,800 employees serve customers via sales offices and production facilities in more than 20 countries on six continents ."
neutral,Customers include hotels and restaurants as well as wholesalers and some retailers .
negative,The Finnish company previously said its operating result will be lower than the break-even posted a year earlier .
neutral,This would be a huge process .
positive,"The previously concluded adaptation measures , concerning other staff , were adequate for the time being , and the planning operations continue as before at the plant , the company said ."
neutral,Amanda said that it had already made a USD5 .0 m investment commitment in Russia Partners II fund in July 2005 .
neutral,The order was worth EUR 8mn .
neutral,Both Mr Walden and Mr Ignatius will be responsible also for the newspapers ' business result .
neutral,"ALEXANDRIA , Va. , May 16 -- Kenneth Bower of Vista , Calif. , has developed an ornamental design for a handset , the U.S. Patent & Trademark Office announced ."
neutral,"However , the offering will probably not be made at the current valuation , which partly derives from the deal in which the company was merged into a stock market shell ."
neutral,The companies signed the letter of intent for the sale on 17 September 2010 and envisaged to seal the actual agreement on 1 January 2011 .
neutral,In July it and Quadriga Capital sold their Lewa GmbH pump-making business to Japan 's Nikkiso Co. .
positive,`` The combined activities will create value for shareholders and be good for our employees and customers .
positive,One of my colleagues summed up the E7 quite aptly when he remarked : `` Fantastic hardware .
neutral,"The bond , with a maturity of five years , is part of the bank 's domestic bond program ."
positive,"The Finnish supplier of BSS-OSS and VAS for telecom operators , Tecnotree , has received expansion orders worth a total US$ 7.3 mn for its convergent charging and next generation messaging solutions in Latin America , the company announced without specifying which operators had placed the orders ."
neutral,"The company serves customers in various industries , including process and resources , industrial machinery , architecture , building , construction , electrical , transportation , electronics , chemical , petrochemical , energy , and information technology , as well as catering and households ."
neutral,"In future , the plant will focus on the production of flange profiles for wind farm towers ."
neutral,Finnish electrical components maker Salcomp Oyj ( HEL : SAL1V ) announced today the launch of its latest Twist charger platform .
neutral,"In the fourth quarter of 2006 , OKO Banks expects the operating environment for Banking and Investment Services to remain similar to that in January-September 2006 ."
neutral,"Previously , the company also delivered about 70 % of the steel used in Oasis of the Seas , Allure of the Seas ' sister ship completed last year ."
neutral,The writing and publication of Lemmink+Æinen - s history is a continuation of earlier collaboration between Antti Tuuri and the company .
positive,The program 's target is structural cost reductions of about EUR 30mn in 2009 .
neutral,The value of the contract is about EUR 27mn .
neutral,The lay-offs will start gradually and will last from one to six weeks .
neutral,"The Swedish Maritime Administration has closed the Furusund Channel , which Viking Line normally charters en route to Stockholm ."
negative,"Operating profit totalled EUR 30.2 mn , down from EUR 43.8 mn a year earlier ."
positive,"Mformation and Nokia noted they have established interoperability agreements that cover commercially proven , standards-based management of mobile devices , as well as mobile device security and mobile application management ."
negative,Finnlines estimated in its annual general meeting that 2008 will be financially a tough year due to large investments .
neutral,The first phase will be completed by the end of 2012 .
positive,TeliaSonera TLSN said the offer is in line with its strategy to increase its ownership in core business holdings and would strengthen Eesti Telekom 's offering to its customers .
negative,The announcement comes two weeks before a key licensing agreement expires between between the two companies which are embroiled in a disagreement over royalty payments for Texas Instrument chips which use Qualcomm-patented technology .
neutral,"Entire paper mills may be set up , especially in the new EU member states ."
neutral,The site will cover over six hectares .
negative,SRV lowered its net sales estimate for the whole of 2008 due to uncertainties in housing sales .
positive,Operating profit improved by 44.0 % to ER 4.7 mn from EUR 3.3 mn in 2004 .
positive,"`` We have analyzed Kaupthing Bank Sweden and found a business which fits well into Alandsbanken , '' said Alandsbanken 's chief executive Peter Wiklof in a statement ."
neutral,Their names have not yet been released .
neutral,"Founded in 2000 , BioView automates laboratory tests , especially diagnostic tests for cancer ."
neutral,"The report also said Nokia 's operations comprising the sites at Bochum , Ulm , Dusseldorf , Munich and Frankfurt posted operating profit after interest of 246 mln eur ."
positive,"Profit per share was EUR 1.03 , up from EUR 0.87 ."
neutral,"It now owns 80,565 shares in Amer Sports Corporation , equaling 0.11 % of the company 's share capital and voting rights ."
neutral,Finnish component supplier Componenta Corporation ( OMX Helsinki : CTH1V ) reported on Tuesday ( 15 July ) an operating profit of EUR46 .2 m on net sales of EUR386 .0 m for the financial period January-June 2008 .
neutral,"The contract also includes cutting and edging wagon parts at Ruukki 's steel service centres in Seinajoki and Raahe , from where they will be delivered to VR for welding and assembly ."
neutral,"The 10,000-odd square metre plot that Stockmann has bought for the Nevsky Center shopping center is located on Nevsky Prospect , St Petersburg 's high street , next to the Vosstaniya Square underground station , in the immediate vicinity of Moscow Station ."
negative,The employment contracts of 14 of the employees will end in March 2009 as a result of the company 's previous employer-employee talks .
neutral,"One of the headboxes will be equipped with a modern consistency control system to ensure cross machine profile of the plasterboard , company said in a statement received by Lesprom Network ."
positive,The aim is to achieve EUR 2.5 mn yearly savings .
neutral,"CapMan said the deal 's effect on its cash flow for 2009 totals EUR3 .4 m , but the transaction would not affect its financial results for 2009 as it was executed at fair value ."
positive,"Finnish Suominen Corporation that specialises in wet wipes , nonwovens , and flexible packaging reports net sales of EUR 44.1 mn in the second quarter of 2010 , up from EUR 43.3 mn in the second quarter of 2009 ."
neutral,"In volume , the focus is already outside Finland , as 60 % of the group 's products are made in Poland and the Baltic countries ."
neutral,"Finnish Konecranes is again trying to acquire Italian Fantuzzi , a manufacturer of gantry cranes and reach stackers ."
negative,"The one dark spot on the horizon , however , was the company 's performance in the Finnish bottled water market ."
neutral,"And when it has lifted the veil on the various types of customer for which it designs its phones , the result is social stereotyping taken to a fine art ."
positive,"According to the company 's updated strategy for the years 2009-2012 , Basware targets a long-term net sales growth in the range of 20 % -40 % with an operating profit margin of 10 % -20 % of net sales ."
neutral,Finnish paper maker UPM-Kymmene Corp. on Monday announced the sale of its wrapping unit Walki Wisa to the CapMan investment group in a move to further concentrate on its core business .
negative,"Operating profit was EUR -0.1 mn , down from EUR 1.3 mn ."
positive,"KESKO CORPORATION STOCK EXCHANGE RELEASE 28.02.2008 AT 09.30 1 ( 1 ) Kesko Corporation and Aspo plc today signed an agreement by which Aspo acquires the share capital of Kauko-Telko Ltd , a subsidiary wholly owned by Kesko ."
neutral,"Music is provided by all major international and regional labels including Universal Music Group , Sony Music Entertainment , Warner Music , EMI Music , Rotana , Mazzika , Melody Music , Platinum Records , and leading content aggregator The Orchard , as well as thousands of independent labels ."
neutral,"Finnish newspaper publisher Sanoma , of media group SanomaWSOY , is merging its free sheets Uutislehti 100 and Metro as of mid-September 2008 to form a new free sheet to be named Metro ."
neutral,"To check them out or to make a bid they will be in the Deka Showroom , Fortitude Valley ."
positive,Lemcon signed an investment cooperation agreement with the Kaluga regional administration last November .
positive,"In the reporting period , net sales rose by 8 % year-on-year to EUR64 .3 m , due to the business acquisitions realized during the first half of 2008-09 , the effect of which was EUR10 .9 m in the review period ."
neutral,"`` Subscribers can browse free numbers with their handset , and select the numbers , packages and services they prefer when activating the phone ."
positive,"Exel Composites ' long-term growth prospects remain favourable , however ."
neutral,"The subsidiary will be responsible for filter sales , local assembly of filters and after market services in China ."
neutral,The purchase sum is about EUR 10mn US$ 12.97 mn .
neutral,"Simultaneously with this merger plan another merger plan has been signed , according to which Suomen Projektivuokraus Oy , a subsidiary of VTM-Rakennuskonevuokraamo Oy , would be merged with VTM-Rakennuskonevuokraamo Oy ."
neutral,`` Our aim is to understand different traffic patterns based on the use of each building .
neutral,The desk will reach its full planned strength of ten persons in autumn 2007 .
neutral,"Janno Reiljan , a member of the Eesti Energia supervisory board , said the owners of Narva Power Grid had informed Eesti Energia about their wish to sell ."
negative,The real estate company posted a net loss of +  x201a -õ 59.3 million +  x201a -õ 0.21 per share compared with a net profit of +  x201a -õ 31 million +  x201a -õ 0.11 per share for the corresponding quarter of 2007 .
neutral,The results will enable the preparation of a conceptual plant design and capital estimates .
neutral,"After the sale , Savcor Group Ltd will comprise Savcor ART , a corporate function and an investment in Cencorp Corporation ."
neutral,The government has instead proposed an exchange of the state 's stake in LMT to TeliaSonera 's stake in Lattelecom .
neutral,"RK Group , headquartered in Vantaa , Finland , is one of Europe 's leading machinery rental services ."
negative,"Finnish Exel Composites , a technology company that designs , manufactures , and markets composite profiles and tubes for various industrial applications , reports its net sales decreased by 0.6 % in the second quarter of 2010 to EUR 19.2 mn from EUR 19.3 mn in the corresponding period in 2009 ."
positive,"With the launch of new 3G handsets , Nokia aims to become the winner in China 's 3G market as it did in the 2G market ."
positive,"Ruukki 's delivery volumes and selling prices showed favourable development and the company 's comparable net sales grew by 50 % year-on-year to EUR647m , CEO Sakari Tamminen said ."
neutral,"Technopolis , St. Petersburg 's Telecommunications University and the Russian Support Fund for Legislative Initiatives signed a protocol of intent in May of this year to set up a technopark in St. Petersburg on the base of the St. Petersburg Telecommunications University ."
positive,"We are very excited working with Maxis on this first commercial deployment of ` Master of Maya ' , said Joe Doering , Head of the Asia South region at Nokia Siemens Networks ."
negative,"Net cash from operating activities was a negative EUR 0.3 mn , compared to EUR 30.9 mn in 2009 ."
neutral,"Marubeni has participated in GHG - Green House Gas - emission reduction projects overseas , obtained emissions credit from its projects and has provided these to Japanese clients ."
positive,Profit for the period increased from EUR 2.9 mn to EUR 10.5 mn .
neutral,Three students from Universiti Sains Malaysia have won a study trip to Helsinki .
positive,Finnish forest machinery manufacturer Ponsse has agreed with Volvo on the start of cooperation in Latin America .
neutral,Exel wants to serve its industrial customers with individual products .
negative,"Operating profits in the half were  0.8 m , down from  0.9 m as Glisten invested in the brand and the management team ."
positive,Teleste and Sentry 360 have formed an integration partnership between Sentry s advanced 360-degree immersive camera product line and Teleste s enterprise video management systems .
neutral,"The company operates a U.S. division in Lisle , Ill. ."
neutral,R&D Loan ) .
negative,"Operating loss totalled EUR 0.9 mn , down from a profit of EUR 2.7 mn ."
positive,The stock rose for a second day on Wednesday bringing its two-day rise to GBX12 .0 or 2.0 % .
neutral,"Fiskars is also engaged in the global supply of marine and energy equipment solutions and services through its associated company , Wartsila Corporation ."
neutral,"Further concrete cooperation is also carried out through various projects , doctoral theses and diploma dissertations ."
positive,"Advertising and circulation revenues grew by 3.4 % and by 0.4 % , respectively ."
positive,"Adanac Molybdenum of Canada has ordered grinding technology for its molybdenum project in British Columbia , Canada , while Shalkiya Zinc of Kazakhstan has awarded a contract for grinding technology for the Shalkiya zinc-lead project in Kazakhstan ."
neutral,"Only this time , Nokia , India 's largest MNC , has sought out a topic that could spark off a million approaches ` Creativity in Emerging Markets ."
neutral,"Addus ' services include personal care and assistance with activities of daily living , skilled nursing and rehabilitative therapies , and adult day care ."
positive,"Quarterly diluted EPS on continuing operations came in at 0.21 eur , compared with last year 's 0.12 eur ."
neutral,Fortum also has a blocking stake in Northwestern TGK-1 .
negative,The operating margin came down to 2.4 % from 5.7 % .
neutral,"ALEXANDRIA , Va. , May 23 -- Matti Harkonen and Pentti Sipponen , both of Espoo , Finland , Osmo Suovaniemi of Helsinki , Finland , and Tapani Tiusanen of Vantaa , Finland , have developed a paper web press device ."
neutral,"Local government commissioner of +_m+_l , Kurt Svensson , says he will contact the management of Finnish company Componenta to find out if there are any alternatives to the company 's decision to close down its plant in +_m+_l ."
neutral,The new B shares carry the right to dividend and other shareholder rights with effect from today .
neutral,The extracted filtrates are very high in clarity while the dried filter cakes meet required transport moisture limits (TMLs)for their ore grades .
neutral,The expansion will be delivered in the fourth quarter of 2006 .
neutral,"The works will include the laying of natural stone pavements and the installation of underground heating , and surface water drainage systems ."
negative,"Finnish software and hardware developer Elektrobit Oyj HEL : EBG1V , or EB , said today it will temporarily lay off up to 200 people for a maximum of 90 day in Finland , aiming to achieve cost savings of EUR 1.7 million USD 2m in the second half of 2010 ."
neutral,`` It wo n't happen overnight .
neutral,The business development initiatives in North America are headed by Lynn Shanahan .
neutral,All reproduction for further distribution is prohibited .
neutral,"The price of the 10,000 kroon par value bonds was 9663,51 kroons in the primary issue ."
neutral,"In a recent interview with the Financial Times ( FT ) , Sampo 's board chairman Bjorn Wahlroos said If P&C was certainly for sale and the price had been set at SEK 85 billion , confirming earlier statements ."
neutral,"Finnish bank Pohjola Bank Plc HEL : POH1S said today that it will issue a EUR 40 million USD 51.2 m index-linked bond , Pohjola Tutkimuksen Tahdet VIII-2010 Pohjola Research Stars VIII-2010 , on October 27 , 2010 ."
neutral,"mr Bakman sees also expansion options on the Tallinn-Helisnki link , claiming however , that operating the link with only a single ship is not enough ."
neutral,"CapMan has six investment areas CapMan Buyout , CapMan Technology , CapMan Life Science , CapMan Russia , CapMan Public Market and CapMan Real Estate , and each of them has a dedicated team and funds ."
neutral,Kemira shares closed at (  x20ac ) 16.66 ( $ 22US .71 ) .
neutral,"In Russia , Raisio 's Food Division 's home market stretches all the way to Vladivostok ."
neutral,"The area will also include some central buildings , and Honkarakenne has started negotiations on their delivery ."
positive,"Lead production , in turn , should increase to 60,000 tonnes through 2009 in what would be a twofold increase from current capacity levels , Zahariev said ."
neutral,"The authorisation is in force until the end of the next Annual General Meeting and repeals the authorisation to acquire own shares given by the General Meeting held on April 4 , 2007 ."
neutral,No changes in media activity were seen in October compared with September .
negative,"In January-June 2010 , diluted loss per share stood at EUR0 .3 versus EUR0 .1 in the first half of 2009 ."
neutral,"GeoSentric is acquiring extra financing by issuing a maximum of 220,000 new shares and a convertible bond with subscription rights for 880,000 shares , which have been fully subscribed ."
neutral,Finnish industrial group Ruukki Group Plc OMX Helsinki : RUG1V said on Friday 14 November that its furniture business segment Incap Furniture has concluded personnel negotiations that were started at the end of September .
positive,Lemcon has also signed a pre-contract for the purchase of the park 's entire 130-hectare site .
neutral,"ABN Amro Capital has agreed to sell its Helsinki-based designer homeware producer , Iittala Oyj , to crosstown consumer products group Fiskars Corp. , for EUR230 million to EUR235 million ( $ 310 million to $ 316 million ) ."
neutral,Inha Works has invested in its product development and market research .
neutral,"He answers questions on how many visitors Conversations gets , how big the team is and what the problems are when setting up social media channels ."
positive,The company turned to earnings per share ( EPS ) of EUR 0.03 versus loss per share of EUR 0.01 .
negative,"SSH COMMUNICATIONS SECURITY CORP STOCK EXCHANGE RELEASE OCTOBER 14 , 2008 AT 2:45 PM The Company updates its full year outlook and estimates its results to remain at loss for the full year ."
neutral,Dragonfly Love is another video shot from start to finish using the Nokia N8 .
neutral,The objective of the St. Petersburg office is first to boost the Company 's maintenance business .
positive,"Both operating profit and net sales for the six-month period increased , respectively from EUR18 .1 m and EUR127 .6 m , as compared to the corresponding period in 2006 ."
neutral,"The Network Test Business is part of Elektrobit 's Test and Automation Business Segment and employs 39 people in Finland and 22 people abroad , mainly in the US and Asia ."
negative,"Operating profit for the nine-month period decreased from EUR19 .9 m while net sales increased from EUR155 .7 m , as compared to the corresponding period in 2007 ."
positive,"Speaking to just-drinks today , a spokesperson for Olvi said : `` We have performed very well in all four countries we operate in - namely , Finland , Estonia , Latvia and Lithuania . ''"
positive,The cooperation will double The Switch 's converter capacity .
neutral,QPR ProcessGuide is available as a system solution with centralized storage and management of process content as well as a standalone desktop version ; QPR ProcessGuide Xpress .
negative,Operating profit in the fourth quarter fell to EUR33m from EUR39m a year earlier .
neutral,The value of the three-year contract is estimated at EUR40m .
neutral,"The shares subscribed for under the stock options were registered in the Trade Register on 20 January 2011 , as of which date the new shares will establish shareholder rights ."
positive,Biohit already services many current Genesis customers and the customer base is expected to expand as a result of this agreement .
positive,YIT Construction and the town of Riihim+Æki have signed a lease contract whereby the town will occupy the Travel Centre office facilities .
neutral,Kesko has previously published a stock exchange release concerning the deal on 7 February 2007 .
neutral,"The company is also seeking possibilities to relocate the Luumaki personnel , some 50 people , to other UPM mills ."
positive,"The last quarter was the best quarter of 2009 in net sales , and the operating margin rose to 12.2 % ."
positive,Both loans will be used to finance strategic investments such as shopping center redevelopment projects and refinancing of maturing debt .
positive,"Its main business area , the Glass Machinery Group of Glaston Technologies , is the global market leader in glass processing machines ."
neutral,"Ruukki 's delivery includes steel structures , including installation , for Krakeroy bascule bridge and steel piles for the bridge foundations ."
neutral,Cameco typically prices sales contracts using a 40:60 ratio of fixed prices and spot prices .
neutral,"With the new arrangement , customer responsibilities will become mainly regional ."
positive,"`` The second quarter of 2010 was the firstquarter with growth in net sales since the third quarter of2008 , '' said Magnus Rosen , Ramirent CEO ."
positive,The company said it observed a current stabilisation in prices and there is potential for higher prices for deliveries in the first quarter of 2011 .
negative,25 March 2011 - Finnish electronics contract manufacturer Scanfil Oyj HEL : SCF1V said today its plan to merge wholly owned Scanfil EMS Group with Ojala-Yhtyma Oy has hit a snag as shareholders of the domestic rival rejected the deal .
positive,"Repair and maintenance business accounted for net sales of EUR 645.3 mn , up from EUR 563.6 mn ."
positive,It is in line with its plans to focus on selected growth segments and streamline corporate structure .
positive,"Nordea Bank ( STO : NDA ) and Sampo Bank have helped Finnish real estate investment company Sponda ( HEL : SDA1V ) place a EUR100m ( USD125 .4 m ) domestic bond , the company said Friday ."
neutral,"Okmetic closed its plant in Espoo in early 2004 , and all production lines from the site were moved to Okmetic 's plants in Vantaa , Finland and Texas , USA ."
neutral,"From 2003 on , the emphasis of Kyro 's strategy has been on Glaston 's growth ."
neutral,`` Our approach is very much to only use raw materials that are produced in line with the principles of sustainable development .
negative,"Net sales for the financial year 2006 are expected to amount to about EUR20m and the operating result EBIT is expected to be a loss , as announced before ."
neutral,Elcoteq has a global network of After Market Service sites which have a long experience in serving Consumer Electronics and Systems Solutions customers .
neutral,"Digia will also set up two subsidiaries , Digia Norway AS and Digia USA Inc. ."
neutral,"Fortum expects its annual capital expenditure in the next four to five years to be within a range of EUR 0.8-1 .2 billion , as earlier announced ."
neutral,"It is profitable to make pulp , paper , and sawn goods in areas where the combination of these factors is good ."
neutral,"LONDON ( AFX ) - Intertek Group PLC , a testing and inspection company , said its commercial and electrical division has bought Finland-based company Natlabs Oy from Etteplan Oyj for 1.3 mln eur in cash ."
neutral,"The floor area of the Yliopistonrinne project will be 7,900 sq m 85,030 sq ft and the building 's gross area will total 12,800 sq m. A total 25.1 % of the facilities have been let ."
neutral,The combined value of the planned investments is about EUR 30mn .
negative,Finnish plumbing and heating systems supplier Uponor is temporarily laying off its whole workforce in Finland for two weeks as of mid-July 2009 .
negative,"The OMX Helsinki 25 ended 0.47 pct lower at 3,150.55 and the OMX Helsinki was down 0.21 pct at 10,736.42 on 1.523 bln eur turnover ."
neutral,"In addition , MIDs are always online and enable full Internet browsing ."
neutral,"The vessels also have to be environmentally friendly , fast , and have all modern conveniences ."
neutral,He will report to CapMan Plc 's CEO Heikki Westerlund .
neutral,The company has exported into about twenty European countries as well as to Africa .
positive,"Helsingin Uutiset , Vantaan Sanomat and Lansivayla reach some 385,000 readers , or more than 40 % of the consumers in the greater Helsinki region ."
positive,"The company estimates that the trend in demand for sports equipment will be steady in 2006 , '' Amer 's report said ."
neutral,Joint procurement will be later extended to the factories in the Baltic countries .
neutral,SHARE REPURCHASE 11.01.2008 In the Helsinki Stock Exchange On behalf of Sampo plc Danske Bank A-S Helsinki Branch
neutral,This lays a foundation for sustainable business development for the long term .
negative,The personnel reductions will primarily affect those working for the parent company in the diagnostics business or in production and logistics in the liquid handling business .
neutral,"In the sinter plant , limestone and coke breeze are mixed with the iron ore concentrate and sintered into lump form or sinter for use in the blast furnaces as a raw material for iron-making ."
neutral,( The acquisition sum has not been disclosed . )
neutral,Nordea will coordinate the syndicated loan .
neutral,"Product deliveries will not be interrupted , the refiner said , giving no financial details ."
positive,Satama earned Data Management Solutions competency with Business Intelligence specialization recentlyvia the acquisition of Fimentor Oy .
neutral,"- Inge Larsen (CFO), 29,045 shares , representing 0.50 % of the share capital ."
neutral,The idea of saving electricity in data transfer is still a new one .
neutral,"The company was supposed to deliver machinery to a veneer mill in the Tomsk region , in Russia ."
neutral,"Incap Contract Manufacturing Services Pvt Ltd , a subsidiary of Incap Corporation of Finland , is acquiring the manufacturing unit of the TVS Electronic Ltd at Tumkur , near Bangalore , for Rs40 crore ."
negative,"YIT 's Baltic sales in the first three quarters of 2008 totaled 106.2 million euros , representing a drop of 29 percent year on year ."
neutral,"At 3:37 p.m. Eastern time , a block of 2,400 contracts changed hands at a bid price of $ 0.45 ."
positive,"Operating profit was EUR 11.07 mn , up from EUR 8.65 mn ."
neutral,The event can be followed on-line via Orion 's Finnish homepage at www.orion.fi as well as via the Kauppalehti Live web service at www.kauppalehti.fi/live .
negative,Earnings per share ( EPS ) dropped to EUR 0.21 from EUR 0.31 .
neutral,"The market share of Volkswagen passenger cars in Finland was 10.1 percent , Audi had a market share of 3.1 percent and Seat 's share was 0.9 percent ."
negative,"ADP News - May 29 , 2009 - Bank of America BofA downgraded today its ratings on Swedish-Finnish paper maker Stora Enso Oyj HEL : STERV and on Finnish sector player UPM-Kymmene Oyj HEL : UPM1V to `` underperf"
neutral,"Motorola , the world 's second-largest maker of cell phones , unveiled the new phone Tuesday in a bid to resurrect its ailing handset business ."
positive,"Finnish flexible packaging manufacturer Suominen Corporation reports net sales of EUR 54.5 mn in the first quarter of 2008 , compared with EUR 54.3 mn a year earlier ."
neutral,"A corresponding increase of 85,432.50 euros in Ahlstrom 's share capital has been entered in the Trade Register today ."
negative,Loss for the period totalled EUR 15.6 mn compared to a profit of EUR 6.3 mn in 2008 .
neutral,Mr. Kari Stadigh will carry on as Chairman of the Board and Mr. Matti Arteva as Vice-Chairman .
negative,"Cargo traffic fell 1 % year-on-year to 8,561 tonnes in September 2009 ."
neutral,The Remote Radio head module will be available at 4W power for 2.5 GHz and 3.5 GHz TDD frequency bands .
positive,The companies expect the first orders already in 2011 .
neutral,Analysts surveyed by Thomson Financial expected revenue of $ 69 million for the quarter .
positive,`` Our design team has long admired Marimekko 's vivid patterns and colors .
neutral,Filmiteollisuus Fine Ab will be transferred to Talentum Oyj in the form of a subsidiary .
positive,"In the autumn , it plans to expand service to St. Petersburg and Moscow and launch service to Yekaterinburg , Russia , flying there three times a week ."
positive,`` This is a win for all OEMs targeting to develop WiMAX products .
positive,"In the beginning of this year , Wartsila had secured an order to deliver four gas-fuelled main engines and propulsion machinery for the same vessel ."
neutral,The new organization consists of two business units : Charging & Messaging and Finance & Administration .
neutral,"ENP Newswire - 22 March 2011 Release date - 21032011 - A total of 13,000 Talvivaara Mining Company Plc 's new shares were subscribed for during the period between 1 January 2011 and 28 February 2011 under the company 's stock option rights 2007A ."
neutral,"Aspocomp said it will spin off its Chinese and Indian units , and some equipment from its Salo plant in Finland , into a newly-formed unit , most of which it will then sell on to Hong Kong-listed Meadville ."
neutral,"Subscribers of China Unicom , the nation 's second largest mobile phone operator after China Mobile , are expected to release pictures , videos and blog on the Internet via mobile phones as of March 2008 ."
negative,"More than 14,000 customers were left powerless ."
positive,The company aims to maintain this trend in profitability during the current year .
neutral,"Componenta is a metal sector company with international operations and production plants located in Finland , the Netherlands , Sweden and Turkey ."
neutral,"The ship cranes , which will be manufactured by MacGREGOR 's partner plants in China , will be delivered between 2008-2010 for vessels ordered by Chinese COSCO , German Peter Dohle and Hong Kong based Cido Shipping ."
negative,Stora Chief Executive Jouko Karvinen has described the Russian tariff hikes as a threat to the future of the forest products industry in Finland .
neutral,The sale of the food potato business is part of Raisio 's plan to streamline and clarify its business operations .
negative,"However , the suspect stole his burgundy Nissan Altima ."
neutral,`` Fixed Mobile Convergence solutions represent a key value proposition in today 's communication market .
neutral,The right margin will be viewed separately in detail with every customer .
neutral,Operating profit for the quarter April-June 2006 amounted to EUR182 .2 m on sales of EUR3 .62 bn .
neutral,"In the Czech Republic , the smaller profiling unit at Ostrava will be closed and the machinery will be gradually relocated to Ruukki 's bigger plants in Hungary , Poland and Romania by the end of the first quarter of 2009 ."
positive,Most of the increase in net sales was due to the acquisition of Swedish Silva that produces garden tools and boats .
positive,"Under the agreement GeoSentric will provide GyPSii-powered hotel information and reservation services to visitors to China , including such popular cities as Beijing and Shanghai ."
positive,"The adapter , awarded with the `` Certified Integration for SAP - ; NetWeaver '' endorsement , integrates Basware s invoice automation and procurement solutions with more than 200 different ERP systems ."
neutral,"The joint venture will invest about EUR 500,000 in production technology straight away ."
positive,Operating profit improved to EUR 20.3 mn from EUR 11.4 mn .
neutral,"Shareholder 's full name and ID code : - Petri Ailus , born 15.9.1966 For further information , please contact Isto Hantila , CEO , tel. +358 9 591 8342 ."
positive,Finnish Outokumpu Technology has been awarded several new grinding technology contracts .
positive,"In the reporting period , the company 's operating profit grew by 43.2 % to EUR 6 million ."
neutral,"When the negotiations were started , Neste Oil anticipated that 450 people would be affected ."
positive,"Via the move , the company aims annual savings of some EUR 3 million USD 4.3 m , the main part of which are expected to be realized this year ."
neutral,"The product advisory does not apply to any other Nokia-branded battery , the company said ."
neutral,"The wireless industry is bracing itself for the iPhone , which will launch on June 29 ."
neutral,Finnish paints and coatings company Tikkurila Oyj ( HEL : TIK1V ) announced today the launch of Tikkurila ProHouse method for protection of wooden surfaces via treatment with Ultra Pro waterborne products .
positive,`` The lowering of prices by us and by our competitors shows that the real estate market has stabilised and returned into balance and apartments are acquiring a fair price in the eyes of our clients .
neutral,"The building complex consists of high-quality office and retail space totalling 49,200 square metres , the company said ."
neutral,"The study evaluated the safety , tolerability and pharmacokinetics of repeated doses of intravenously administered antibody in 26 patients with active plaque psoriasis ."
positive,Finnish Raute Precision has won large glass batch plant and mortar plant orders from Mexico and the US .
negative,"The Baltimore Police and Fire Pension , which has about $ 1.5 billion , lost about $ 3.5 million in Madoff Ponzi scheme ."
negative,"However , the growth margin slowed down due to the financial crisis ."
positive,TeliaSonera said about $ 100 million will be invested in the next year in the region to bring mobile coverage to about 90 % of Nepal s population .
neutral,"GS Engineering will install the valves at a liquefied natural gas LNG plant it has built for UAE LNG extraction and gas plants operator GASCO in Ruwais , UAE ."
neutral,"Compared with the FTSE 100 index , which fell 35.2 points ( or 0.6 % ) on the day , this was a relative price change of 0.6 % ."
positive,Operating profit improved by 16.7 % to EUR 7.7 mn .
negative,"Comparable operating profit totaled EUR 4.7 mn , down from EUR 5.1 mn in the corresponding period in 2005 , representing 7.4 % of net sales ."
neutral,We make available the following brand-new market analyses : Cement - UK Cement - Poland Cement - Belgium These analyses give a clear overview of the actual situation and future outlook of the cement industry in some European countries .
neutral,Peigs www.peigs.se will become part of Sardus Latta Maltider Light Meals unit .
neutral,"Nordstjernan will make the offer in approximately one month , in September 2007 ."
neutral,Raffles Equities Ltd became a substantial holder in Archer Exploration Ltd on January 12 with 11.7 million shares ( 18.2 pc ) .
neutral,Pharmaceuticals - Netherlands This brand-new market analysis gives a clear overview of the actual situation and future outlook of the pharmaceutical market in Netherlands .
positive,"We warmly welcome him to Satama '' , states Jussi Lansio , chairman of the Board ."
negative,"Last year , 8.3 million passengers flew the airline , down 4 percent from 2007 ."
neutral,"As a result of the merger , the largest professional electronics and telecommunications technology contract manufacturing center in Finland will be formed in Sievi ."
negative,Operating profit for 2009 lower than outlook published earlier .
neutral,Finland-based international machinery rental company Ramirent Plc ( OMX Helsinki : RMR1V ) reported on Friday ( 15 August ) an operating profit of EUR65 .0 m on net sales of EUR342 .9 m for the period January-June 2008 .
positive,"Both operating profit and turnover for the nine-month period increased , respectively from EUR2 .4 m and EUR43 .8 m , as compared to the corresponding period a year ago ."
neutral,"HELSINKI AFX - Salcomp , the mobile phone charger manufacturer , said it has appointed Markku Hangasjarvi as its new CEO , following the resignation of Mats Eriksson ."
neutral,Mobile communication and wireless broadband provider Nokia Inc NYSE : NOK today set new financial targets and forecasts for Nokia and the mobile device industry and also for Nokia Siemens Networks and the mobile and fixed infrastructure and related services market .
neutral,"Of Bavelloni 's and NST 's joint ventures , Bavelloni Tools , completes semiproducts that are produced in Italy into high-quality tools that will be sold under the DiaPol brand ."
neutral,Pharmaceutical market in Poland Global Research & Data Services published recently a market analysis about the pharmaceutical markets in Poland .
neutral,The new activity will incur an investment of about 5 MEUR .
neutral,The transaction is expected to be finalized by Dec 2009 .
neutral,"While the company did not indicate the level of investment in the unit , it said that has purchased the equipment of Nokia Corporation 's mobile phone R&D laboratory in Jyvaeskylae ."
positive,"Employees are also better prepared to answer calls , since they already have detailed information about the caller before they answer the phone . ''"
neutral,"Seventy-three of those also have more extensive training in products built on the latest ArchestrA technologies , such as the Wonderware System Platform ."
positive,Finnish KCI Konecranes has been awarded an order for four hot metal ladle cranes by Indian steel producer Bhushan Steel & Strips to be delivered in 2007 .
neutral,"According to Vauramo , the plant 's lifting equipment is suitable for Asian and for some Chinese trucks ."
neutral,"It holds 38 percent of Outokumpu 's shares and voting rights , but in 2001 lawmakers gave it permission to reduce the stake to 10 percent ."
neutral,"Therefore , Phase III of the research will not be conducted by Abbott ."
neutral,The MET is located in the Central Business District ( CBD ) of Bangkok .
neutral,"Changes being announced today will be effective after the close of trading on Friday , June 19 , 2009 ."
neutral,"The EB Tough VoIP Field Phone is equipped with an integrated speaker , Ethernet and SHDSL connectivity , and enables several innovative applications ."
neutral,"UPM is the biggest producer of magazine paper in Europe , with a market share of over 30 pct , and it is likely to say that prices in the segment were at best flat during the quarter , analysts said ."
neutral,"The company will try to adapt the operations through temporary lay-offs of different duration , working hour arrangements , training and development efforts ."
positive,The ` buy ' recommendation was reiterated .
positive,About Elcoteq Elcoteq SE is a leading electronics manufacturing services ( EMS ) company in the communications technology field .
neutral,"Oriola-KD , headquartered in Espoo , Finland , is a leading distributor of pharmaceutical and healthcare products with 1,300 employees in the Nordic and Baltic countries ."
positive,Pretax profit rose to EUR 0.6 mn from EUR 0.4 mn in the corresponding period in 2005 .
neutral,"In 2007 , Contempus generated revenue of NOK 69.3 ( approx ."
negative,Comparable operating profit decreased to EUR 13.8 mn from EUR 17.1 mn in the corresponding period in 2005 .
negative,`` Operating profit declined mainly due to the increased cost of wood and recycled fiber and the strengthened euro . ''
neutral,"The company said Offshore segment represented 43 % of the total marine engines orders for the July-September 2010 period , Merchant 33 % , Special vessels 18 % , and Cruise and Ferry , and Ship Design -- 2 % and 3 % , respectively ."
positive,"It provides customers with industry-leading elevators , escalators and innovative solutions for maintenance and modernization ."
neutral,Finland 's dominating rail company VR is planning to set the infected passengers for long-distance trip in a separate carriage .
positive,"Of the sales price , a sales gain of some 3.1 mln euro ( $ 4.5 mln ) will be recognized in Incap 's earnings for 2007 ."
neutral,"Sanoma Learning & Literature , offering print and digital learning materials , is present in eleven countries ."
neutral,"The shares shall be repurchased through public trading , for which reason the shares are repurchased otherwise than in proportion to the holdings of the shareholders ."
negative,The Group 's order portfolio decreased from EUR 42.9 mn in 9-2007 to EUR 33.3 mn in 2-2008 .
positive,"Olvi , which controls a 94 percent stake in Ragutis through A. Le Coq , said in its annual report published earlier this year that the Lithuanian brewery 's sales reached 15.04 million euros last year , a rise of 20.4 percent from 12.49 million euros in 2004 ."
positive,Unit costs for flight operations fell by 6.4 percent .
neutral,Finnlines has six ships under construction in China with deliveries scheduled between the first quarter of 2011 and the final quarter of 2012 .
negative,"Operating profit for the 12-month period decreased from EUR5 .4 m while net sales increased from EUR62 .0 m , as compared to the financial year 2004 ."
neutral,"As the world leaders in developing UV technology for municipal wastewater , drinking water , and industrial water treatment systems , Trojan Technologies was a logical partner in providing W+Ærtsil+Æ with UV technology for ballast water treatment ."
neutral,Officials did not disclose the contract value .
negative,"Operating result , excluding one-off items , totaled EUR 9.1 mn compared to EUR 10.6 mn in continuing operations , excluding one-off items in 2004 ."
neutral,"The business units of the InvestLesProm Group cover the full forest industry chain , and the Group owns forests , sawmills , paper and pulp mills , and other processing plants ."
neutral,"The Annual General Meeting approved a dividend of EUR 0.10 per share , that is , a total of EUR 7,8 million ."
neutral,"ALEXANDRIA , Va. , Dec. 22 -- United States Patent no. 7,854,608 , issued on Dec. 21 , was assigned to Outotec Oyj ( Espoo , Finland ) ."
positive,"( ADP News ) - Oct 29 , 2008 - Finnish lifting equipment maker Konecranes Oyj ( OMX : KCR1V ) said today that its net profit rose to EUR 116.6 million ( USD 149.1 m ) in the first nine months of 2008 from EUR 73.6 million for the s"
positive,The stock rose for a third day on Tuesday bringing its three-day rise to GBX10 .50 or 1.8 % .
positive,The Finnish group anticipates a sales gain of EUR42m after tax and expenses .
positive,"I use natural fibers to make the clothes more comfortable , to allow your skin to breathe and to be eco-friendly ."
negative,"Kiosk and cinema operations have suffered , in particular ."
neutral,"Approximately SEK 166 million in repayments has been demanded for overcharging in the Stockholm area , with the remaining SEK 87 million taken from the Western coast , the inspectorate said ."
neutral,It is hand-painted resin with real 14-0 trebles and is 75cm long by 25cm deep from top to bottom of the middle hook .
negative,"Pretax loss totaled EUR 1.2 mn , down from a profit of EUR 2.1 mn in 2004 ."
positive,"Net sales will , however , increase from 2005 ."
neutral,The company will issue an inaugural Eurobond deal in the near future subject to market conditions .
neutral,"`` My wife is looking forward to getting a paycheck again , '' he quipped recently as a six-knot current swirled around his anchored and heavily sponsored jet sled ."
positive,"In Lithuania , operating profit rose to EUR 190,000 from EUR 70,000 in the corresponding period in 2005 ."
neutral,"Financial Statements include the consolidated financial statements of the Group , the Board of Directors ' Report , the Auditors ' Report and the Corporate Governance Statement ."
positive,"Consolidated operating profit excluding one-off items was EUR 30.6 mn , up from EUR 29.6 mn a year earlier ."
positive,"Both operating profit and turnover for the six-month period increased , respectively , from EUR17 .6 m and EUR1149 .9 m , as compared to the corresponding period in 2007 ."
negative,"Managing Director 's comments : `` Net sales for the first quarter were notably lower than a year before , especially in Finland , Russia and the Baltic countries ."
neutral,"Tulikivi manufactures heat-retaining , soapstone and ceramic fireplaces , as well as natural stone products and utility ceramics ."
positive,`` Leipurin is a growing and rapidly internationalizing Group .
neutral,"The Finland-based company says it will move into an existing 260,000-square-foot facility in September ."
positive,"( ADP News ) - Finnish handling systems provider Cargotec Oyj ( HEL : CGCBV ) announced on Friday it won orders worth EUR 10 million ( USD 13.2 m ) to deliver linkspans to Jordan , Morocco and Ireland ."
neutral,An international conference call and audio webcast concerning the financial result January-March 2010 will begin at 14.00 EET .
neutral,"Tampere Science Parks is a Finnish company that owns , leases and builds office properties and it specialises in facilities for technology-oriented businesses ."
neutral,"The 2500-passenger ferry will have dimensions of 185 m length overall , 170 m length between perpendiculars , 27.70 m breadth and 6.55 m design draught ."
neutral,The measures taken will cause one-time costs during the final part of 2006 .
neutral,The Notice in its entirety with other proposals from the Nomination Committee and the Board will be published at least four weeks before 28 April on the company 's website and in Post - och Inrikes Tidningar and Dagens Industri .
neutral,The difference can be explained by the fact that two shipping companies have stopped operating in the Gulf of Finland .
neutral,This release is not an offer of securities for sale into the United States or elsewhere .
neutral,"Sponda is a property investment company , specialising in commercial properties in the largest cities in Finland and Russia ."
positive,"GeoSentric Oyj s GeoSolutions Business Unit GyPSii , the mobile digital lifestyle application and geo-mobility social networking platform , has signed an agreement with Nanjing MyNet to make the GyPSii mobile social networking platform available to customers of China Mobile ."
neutral,"Community gardening has become a popular activity , especially to raise vegetables ."
negative,"Operating profit totaled EUR 9.4 mn , down from EUR 11.7 mn in 2004 ."
neutral,Technopolis has approximately 130 customer companies in Jyvaskyla .
neutral,"`` EB Tough VoIP was designed to fulfill the communications needs of military units , and we continue to strive towards achieving that goal , '' Mikko Viitaniemi , EB Elektrobit Defense Products , Wireless Solutions senior manager , said in a statement ."
positive,"The disposal of Autotank will also strengthen Aspo 's capital structure , '' commented Gustav Nyberg , CEO of Aspo ."
positive,"`` Nokia 's Calling All Innovators Africa competition has been specifically launched to enable developers to create locally relevant , best-of-breed mobile applications . ''"
positive,"The total delivery volume of paper businesses in 2010 was 1,155,000 tonnes , up from 1,132,000 tonnes in 2009 ."
negative,"Operating profit , excluding non-recurring items , totaled EUR 0.2 mn , down from EUR 0.8 mn in the corresponding period in 2006 ."
neutral,"Jussi Pesonen , member of the Sampo Board since 2006 , will renounce his seat in Sampo Board ."
neutral,"Harju Elekter was founded in 1968 , and is the leading producer of electrical equipment and materials in the Baltic States ."
neutral,- Cash flow from operating activities before investments was EUR 7.6 million EUR 2.5 million .
neutral,"Destia Oy is a Finnish infrastructure and construction service company building , maintaining and designing traffic routes , industrial and traffic environments , but also complete living environments ."
neutral,"Tyrv+Æinen is of the opinion that the airline has been repeating this for some time already , however ."
positive,The completion of the recycling plant is an important link in the chain of creating a waste management system in the Dubna region that meets the EU standards .
neutral,As a part of the agreement 10 employees from the John Deere Forestry documentation functions will transfer to DokuMentori Oy .
positive,The increase in capital stock has been registered in the Finnish Trade Register on 20 November 2006 .
neutral,"Operators only need to learn how to use one device for multiple levels of applications , including voice-directed operations ."
positive,The expansion aims to attract new customers both in Finland and abroad .
negative,"In the reporting period , EPS stood at EUR0 .07 versus EUR0 .11 ."
neutral,The company closed last year with a turnover of about four million euros .
neutral,"Nordea Pankki Suomi Oyj , according to previously announced , has made forward contracts on Alma Media Corporation shares ."
positive,"Finnish Larox has signed a contract with the Talvivaara Project for the delivery of filters to the Talvivaara nickel mine in Sotkamo , in Finland ."
neutral,"Tekla provides 3D software for building and infrastructure engineering , with a focus on building information modelling of steel and concrete structures from design to construction ."
negative,"Cencorp 's net sales in the first quarter is estimated to be EUR0.9-1 .2 m , as compared to EUR4 .5 m in the first quarter 2008 ."
neutral,The enterprise value of Maritim Food AS has been determined as approximately EUR15m .
positive,"Finnish silicon wafer technology company Okmetic Oyj OMX Helsinki : OKM1V reported on Thursday 30 October an operating profit of EUR7 .4 m for January-September 2008 , up from EUR6 .1 m in the corresponding period in 2007 ."
positive,"TietoEnator itself uses Nokia 's Intellisync Mobile Suite 's wireless email , calendar , and device management capabilities , and the company will now extend these services to its customers ."
neutral,"Cohen & Steers , Inc. : 5 534 626 shares representing 4.985 % of the share capital and voting rights ."
neutral,The combined company had pro-forma net sales of 140 mln euro $ 188.9 mln and an operating profit of 13 mln euro $ 17.5 mln for 2006 .
negative,"Net sales of Kyro 's main business area , Glaston Technologies , a manufacturer of glass processing machines , decreased to EUR 161.5 mn from EUR 164.1 mn in January-September 2005 ."
positive,"The planned facility , estimated to cost around $ 814 million , would be the largest biodiesel plant in the world , and use palm oil certified by the Roundtable on Sustainable Palm Oil ( RSPO ) ."
neutral,The value of the deal has not been disclosed .
neutral,The value of the contract is EUR 25mn .
neutral,BM4 middle layer headbox will be equipped with a dilution control system .
neutral,You 're not alone .
neutral,"Net sales by the Sata-Flexo Group came to some EUR4 .3 m in 2007 , and the group companies employed a total of 40 people ."
neutral,"Viking will pay EUR 130 million for the new ship , which will be completed in January 2008 ."
negative,"Revenue was slightly down , at  x20ac 495 million $ 634 million , compared to  x20ac 497 million a year earlier ."
neutral,"The inaugural speech will be given by Hannu Kyrolainen , Finland 's Ambassador to the Czech Republic ."
positive,"Kaido Kaare , general director for Atria Eesti , says the company 's investments in the upgrade of the pig farms surpass EEK 150mn EUR 9.59 mn USD 14.19 mn in the past years ."
neutral,"At the request of Finnish media company Alma Media 's newspapers , research manager Jari Kaivo-oja at the Finland Futures Research Centre at the Turku School of Economics has drawn up a future scenario for Finland 's national economy by using a model developed by the University of Denver ."
neutral,Vacon 's office will support its customers in Brazil and South America .
neutral,"Its annual capacity is some 10,000 MW ."
neutral,The owners who have participated in the business operations of the company will continue in Poyry 's employment after the transaction .
negative,"The period-end cash and cash equivalents totaled EUR6 .5 m , compared to EUR10 .5 m in the previous year ."
positive,"The services also give the supplier opportunity to key-in invoices , receive orders electronically , to send order confirmations and to upload and create electronic catalogues ."
negative,"In Q1 of 2009 , Bank of +_land 's net interest income weakened by 10 % to EUR 9.1 mn ."
neutral,Finnish fibre-based materials maker Ahlstrom Corp ( HEL : AHL1V ) said today it decided to close down its spunlace composite production line number 23 at Chirnside plant in the UK by the end of March 2011 .
neutral,"The group intends to relocate warehouse and office space in Loudeac and Saint Marcel to Morvillars , in the east of the country , where it already operates a hook manufacturing and distribution unit ."
neutral,"SAN FRANCISCO ( MarketWatch ) -- Nokia Corp , the world 's largest cell-phone maker , is using the Consumer Electronics Show in Las Vegas to introduce a high-end , thin folding phone , according to a media report Monday ."
neutral,We are now taking Marimekko there on a distinctly more significant scale .
negative,"Finnish shipping company Finnlines , of the Grimaldi Group , reports its net sales decreased to EUR 241.8 mn in January-June 2009 from EUR 384.0 mn in the corresponding period in 2008 ."
neutral,The use case dramatically narrows if you go only with the hot s Ltd.
neutral,"The other seats would go to Edgar Edmonds , an American with experience of the clothing and retail industry , and Christian Fischer , an Austrian with experience in the winter sports goods business ."
positive,"Furthermore , Novator Finland Oy has entered into a securities lending agreement , whereby Novator Finland Oy will hold directly the same amount of shares that are underlying of the OMX market forwards from May 23 through May 26 , 2008 ."
neutral,"The Liquid Handling segment offers laboratory equipment and accessories , including mechanical and electronic pipettes , and disposable tips used in the research institutions , universities , and hospitals , as well as in the pharmaceutical , food , and other industries under the Biohit brand ."
positive,"Nokia also noted the average selling price of handsets declined during the period , though its mobile phone profit margin rose to more than 22 percent from 13 percent in the year-ago quarter ."
neutral,"CapMan Plc Press Release 31 March 2008 Jukka Ruuska , President of the OMX Nordic Exchanges and the Stockholm Stock Exchange , will transfer to CapMan effective no later than September 2008 ."
neutral,"The approximately 20,000 dwt vessel has been ordered from India ."
neutral,"The above mentioned shareholders will suggest that a monthly salary of EUR 1,400 would be paid for the Board members outside the company ."
neutral,Other potential clients include public administration organizations investing in utility networks and services .
negative,"`` The considerably weaker U.S. dollar and British pound had an impact on sales and average prices in euros , '' UPM said ."
neutral,"The new apartment block is going up very close to the city center , explained Chairman of the Board of AS YIT Ehitus Priit Sauk ."
neutral,Basic banking activities continued as normal .
positive,"However , the broker gave an `` outperform '' recommendation on the stock ."
negative,"Exports of goods fell by 59 % , and imports by 16.7 % ."
negative,Repeats sees 2008 operating profit down y-y ( Reporting by Helsinki Newsroom ) Keywords : TECNOMEN-RESULTS
neutral,Fortum had intended to spend as much as ( EURO ) 2.7 bn to become the sole owner of TGK-10 .
neutral,The plant is expected to start production in the first half of 2007 .
positive,The agreement strengthens our long-term partnership with Nokia Siemens Networks .
neutral,"For 24-hour news , try ICIS news www.icis.com Click `` trial '' , then ICIS news"
neutral,"According to the company , the lay-offs will be temporary ."
neutral,The value of the order is USD 2.2 mn .
neutral,The order includes 48 ship cranes that will be delivered for 12 container feeders to be built at Wenchong shipyard in China .
neutral,"In August , Latvijas Finieris ordered all production lines for a new green veneer mill to be built in Ukmerge , Lithuania ."
neutral,Mr Jortikka is president of the base metal division of Outotec Oyj in Finland and is on the executive committee of Outotec .
neutral,"POYRY PLC Additional information by : Martin Kuzaj , President , Industry Business Group , Finland Tel. +358 10 33 21179 Sanna Paivaniemi , Director , Investor Relations , Poyry PLC , Finland Tel. +358 10 33 23002 Poyry is a global consulting and engineering company dedicated to balanced sustainability ."
neutral,N-Viro operates processing facilities independently as well as in partnership with municipalities .
neutral,"Neste Oil Corporation is a refining and marketing company concentrating on clean , high-quality traffic fuels ."
neutral,"The total investment necessary will be EUR40m , the company estimated ."
neutral,"In Finland , the launch of tie-in sales of 3G mobile phones did not cause a dramatic rush in mobile retail outlets during the first few days ."
neutral,The company 's equipment rental portfolio consists primarily of tools for small and mid-sized customers in the construction industry .
positive,"Metrics in QPR ScoreCard now support date , text and milestone-based values , which improve its support for managing projects around performance or process-related content ."
positive,"In 2009 , Fiskars ' cash flow from operating activities amounted to EUR121m , up from EUR97m in the previous year ."
neutral,A total 30 % of the order value was booked in the fourth quarter of 2009 and the remainder will be booked in the second quarter of 2010 .
neutral,The Group 's revenue in 2008 amounted to EUR 94 million and the company currently employs approximately 730 people .
negative,"Compared with the FTSE 100 index , which rose 94.9 points ( or 1.6 % ) on the day , this was a relative price change of -0.4 % ."
neutral,The company does not at present hold any of its own shares .
positive,"Operating profit for the three-month period increased from EUR1 .2 m , while revenue increased from EUR20 .2 m , as compared to the corresponding period in 2005 ."
negative,"HELSINKI Thomson Financial - Shares in Cargotec fell sharply in early afternoon trade after the cargo handling group posted a surprise drop in April-June profits , which overshadowed the large number of new orders received during the three months ."
positive,"`` After this purchase , Cramo will become the second largest rental services provider in the Latvian market ."
neutral,"Like all other mechanical pipettors from Biohit , also Proline Plus is CE-IVD marked and comes with a 3-year warranty ."
neutral,"Fortum holds 90.2 pct of the share capital and 94.4 pct of the voting rights in the company , which it now plans to delist from the Warsaw Stock Exchange ."
neutral,The issue came up in connection with discussion with local municipalities concerning the sale of water to industrial facilities .
negative,"Net sales of Finnish Sanoma Learning & Literature , of Finnish media group Sanoma , decreased by 3.6 % in January-June 2009 totalling EUR 162.8 mn , down from EUR 168.8 mn in the corresponding period in 2008 ."
negative,Operating profit fell to EUR 6.2 mn from EUR 8.5 mn in the third quarter of 2007 .
neutral,"The sale of Savcor FACE to Cencorp will result in a profit or loss which can not yet be determined , owing to factors including the valuation of the consideration shares to be received and prevailing exchange rates ."
negative,"In the third quarter of fiscal 2008 Efore swung to a net loss of EUR 400,000 versus a net profit of EUR 200,000 for the corresponding period of fiscal 2007 ."
neutral,"The business had gross written premiums of EUR152 .4 m (  91.5 m ) in 2000 , a net combined ratio of 133 % and 175 staff in total with offices in the UK , Germany and Benelux ."
neutral,M-real will start statutory employer-employee negotiations at the +_+Ænekoski board mill that concern about 130 people .
neutral,"We know that it exists , '' Artemyev said ."
positive,"According to Ringman , Finnish paper companies have acquired know-how and capacity in paper recycling , which has turned out to be a successful strategy ."
neutral,"Amer Sports divests an industrial site in Rumilly , France -  This announcement is distributed by Thomson Reuters on behalf of Thomson Reuters clients ."
neutral,"According to latest information , Benefon will launch its Twig device on 20 September 2006 ."
neutral,"The corresponding increase in the share capital , in total EUR 300,00 was registered in the Finnish Trade Register on May 8 , 2008 ."
positive,"With the measures , Suominen Corporation aims to ensure the competitiveness of the Flexible Packaging business in the long term ."
neutral,"Blyk is launching first in the UK market in mid-2007 , with other markets to follow ."
neutral,Nokia Corp of Finland Tuesday said it has received a unified device managment contract with Finnish operator Elisa Oyj .
neutral,"PA ) , JPMorgan Chase and Co ( NYSE : JPM ) and Pohjoa Bank are joint lead-managers on the senior , unsecured deal ."
neutral,The Company said that previously EB delivered a custom solution for LG Electronics and now is making it commercially available for other mobile terminal vendors as well as to wireless operators .
neutral,The per-share subscription price of the shares subscribed with the option rights was EUR 1.35 .
neutral,"This implementation is very important to the operator , since it is about to launch its Fixed-to-Mobile convergence service in Brazil see Brazil : 8 May 2006 : ."
neutral,"Lemminkainen Oyj said that it has signed credit agreements with Nordea Bank STO : NDA , Pohjola Bank HEL : POH1S , Sampo Bank HEL : SAMAS and Svenska Handelsbanken STO : SHB A ."
positive,It will also strengthen Ruukki 's offshore business .
neutral,"Unit prices for straddle carriers vary between EUR700 ,000 and EUR900 ,000 , the company added ."
neutral,Net sales of the Lehdentekijat unit was approximately EUR 14 million in 2007 and it had 70 employees .
positive,The economic occupancy rate of Sponda 's property portfolio rose to 91.2 % from 88.8 % in 2006 .
positive,Poyry is recognized as one of the world 's leading advisors to the global forestry industry .
neutral,Aspo has also investigated the sales opportunities of Kaukomarkkinat 's electronics business .
neutral,"Under the contract , Ericsson will more than double the number of radio base stations in the Elisa network over the coming year ."
neutral,"Some 250 people , of whom more than 200 are workers , will be retiring from the Raahe Works between 2008 and 2011 ."
positive,"In January-September 2010 , Fiskars ' net profit went up by 14 % year-on-year to EUR 65.4 million and net sales to EUR 525.3 million from EUR 487.7 million ."
neutral,Subject-matter of the invention furthermore is the use of the cyclone for separating partly molten particles . ''
neutral,"In addition a reduction of nine persons will be made through pension or other arrangements , the company added ."
positive,We hope to increase traffic volumes with the opening of Freight One Scandinavia . ''
positive,The layoffs were aimed at reaching an annual savings target of 1.5 billion euros $ 2 billion by the end of 2010 .
neutral,"In 2008 , AVC Systemhaus had net sales of EUR 10 million USD 7.1 m ."
positive,"Department store sales improved by 14 % to EUR 1,070.6 mn ."
negative,Sanoma News ' advertising sales decreased by 22 % during the year .
neutral,Results are expected late in 2006 .
neutral,Why not give your bedroom a cool makeover for summer .
neutral,"These products include Personal Communications products such as mobile phones and their parts , Home Communications products such as set-top boxes and electronics for flat panel TVs as well as Communications Networks products such as base-stations , tower-top amplifiers , and microwave systems ."
positive,DMASIA-16 August 2006-Benefon extends manufacturing capability with ASMobile -_ 2006 Digitalmediaasia.com & DMA Ltd. .
negative,"Several large stocks tacked lower , however ."
neutral,"The most popular paper by far was Kesko 's loyal customer magazine Pirkka with 2,462,000 readers ."
negative,"Finnish textiles and clothing group Marimekko Oyj posted a net profit of 7.99 mln euro $ 10.4 mln for 2006 , compared to 8.4 mln euro $ 10.9 mln for 2005 ."
positive,Finlan 's listed food industry company HKScan Group controlled companies in the Baltics improved revenues by EUR 3.5 mn to EUR 160.4 mn in 2010 from EUR 156.9 mn in the year before .
positive,EuroChem Head of Corporate Finance Alexander Gavrilov said : `` I am pleased that we have once again confirmed that EuroChem is able to attract long-term funds at attractive rates .
neutral,"The talks involved the Food and Ingredients Divisions , as well as group service functions , the company said ."
positive,"Cooper SH , the UK distributor for lift equipment manufacturer Konecranes , won the five-year deal which involves low maintenance and fuel saving technologies ."
neutral,Kershaw takes up the position with immediate effect from her previous role as marketing manager of Sankey Home & Garden Products .
neutral,Currently Alfred A Palmberg is putting the finishing touches to one of Finland 's biggest ever re-plumbing and bathroom refurbishment projects also in the district of Vuosaari .
neutral,"Koduextra is operating a retail chain of 11 stores , controlled by Finnish Non-Food Center KY , Rukax OY , and Scan-Tukka OY ."
positive,"In December alone , the members of the Lithuanian Brewers ' Association sold a total of 20.3 million liters of beer , an increase of 1.9 percent from the sales of 19.92 million liters in December 2004 ."
neutral,"The contract covers turnkey deliveries to all five airports operated by the authority -- John F Kennedy , LaGuardia , Newark , Teterboro and Stewart International ."
neutral,"Exports make up more than 80 per cent of our sales , so the name Glaston also reflects a truly internationally operating company , '' explains Kyro 's President & CEO Mika Seitovirta ."
positive,"The company , which makes garden tools , scissors and other consumer goods , said earnings were boosted by 6.9 mln eur of income it received from its 16.7 pct shareholding in Finnish engineering group Wartsila ."
neutral,Merging the two free sheets will clarify the market situation .
neutral,Tekla Group 's net sales for 2006 were approximately 50 million euros and operating result 13.6 million euros .
neutral,"Finnish diversified holding company Aspo Oyj said on September 8 , 2008 that it will sell the Finnish tape business of its Kaukomarkkinat unit to local Oy Telpak Ab ."
neutral,"At some point , it will spread also to Iran and Iraq ."
neutral,"ASPOCOMP GROUP OYJ STOCK EXCHANGE RELEASE December 15 , 2006 at 4:50 PM According to the disclosure received today by Aspocomp Group Oyj , the share of Henrik Nyberg in Aspocomp Group Oyj 's share capital and votes has decreased below 5 percent ."
neutral,J+Ærvi-Suomen Portti is also planning to reduce the use of sodium nitrite .
neutral,"MILAN ( AFX ) - The Italian shipping group Grimaldi has increased its stake in the Finnish company Finnlines to 35.4 pct from the 30.5 pct held in June , according to news agency ANSA ."
neutral,"As reported June 26 , `` both circuits continued to alternately report the track as vacant and then occupied almost constantly from June 17 , when part of the track signaling device was replaced , to the time of the crash , according to the Metro source . ''"
neutral,"According to Ultrascan , with a software acquired from crackers , it has managed to change the mobile phone in a way that the phone was able to get hold of a one-time password sent by a bank via a text message ."
positive,A & euro ; 4.8 million investment in 13.6 % of Lewa netted Deutsche Beteiligungs & euro ; 21 million .
neutral,Nokia is also negotiating the product portfolio of the new company .
neutral,Valga Lihatoostus markets its products under the Maks & Moorits trademark .
neutral,To see a slide show of all the newest product releases from Fiskars .
negative,Finnish laboratory liquid handling and diagnostic test systems developer Biohit Oyj OMX Helsinki : BIOBV issued on Tuesday 3 June a profit warning for the financial year 2008 .
negative,Last year 's third quarter result had been burdened by costs stemming from restructuring in the US .
neutral,COMPTEL CORPORATION Sami Ervio President and CEO Distribution : NASDAQ OMX Helsinki Major media Comptel Dynamic OSS solutions enable telecom service providers to deliver services flexibly and charge them effectively .
neutral,"Compagnie de Financement Foncier - Is to issue a benchmark , 10 year covered deal in Euros ."
positive,"The refining margin for the year was $ 13.39 - bbl , compared to $ 10.46 - bbl in the prior year ."
neutral,KONE is listed on the Nordic Exchange in Helsinki .
neutral,"ALEXANDRIA , Va. , Dec. 17 -- Reijo Salovaara , Nastola , Finland , has developed a veneer cutter ."
positive,"However , the total orders received will still be above last year s levels ."
neutral,Ponsse will divide its sales and maintenance service network into six geographical areas .
negative,"Many of the commercial vessels had got stuck in the narrow Bay of Bothnia , where the ice is thicker , and around the Aaland islands ."
neutral,Their offering also covers localisation services related to production transfer to the Finnish company 's customers that already have production in Asian market or have made the decision to transfer production there .
neutral,M2 Communications disclaims all liability for information provided within information on on the world wide web .
negative,Kone shares dropped 4.1 percent to  x20ac 43 US$ 55.77 in Helsinki .
negative,GSK announced in November 2008 that it would close its operations in Dartford .
neutral,"In Finland , the five largest brands control 90 % of the beer market ."
positive,"As a domestic business , Best-In is already close to Finnish dog owners ."
neutral,"The paper industry 's de-inking sludge , which is produced in mills that use recycled fiber when printing ink is removed from recovered paper , is also a suitable raw material ."
neutral,"The Group 's revenue amounts to over EUR 80 million , about half of which is accounted for by exports ."
neutral,"Our objective is to yield a significant part of our turnover in Russia in a couple of years , '' says Solteq 's Managing Director Hannu Ahola ."
negative,The first ship has been delayed and is estimated to be completed in spring 2010 .
neutral,"In April-June 2008 , Scanfil 's net sales totalled EUR 58.7 mn and operating profit EUR 6.6 mn ."
negative,The production is to be liquidated before June 2009 and 325 employees loose their jobs .
neutral,The solvency capital ratio of both companies was 2.7 times the solvency limit .
negative,This is bad news for the barbeque season .
neutral,"The construction of a large woodworking facility in the Sheksna district of the Vologda Region , in northwest Russia , will begin in 2009 , and the plant will start production in 2011 ."
positive,"Ramirent 's net sales in the second quarterended June 30 were EURO 128.7 million about U.S. $ 163 million , a 3.3-percent increase compared with EURO 124.6 million for thesecond quarter last year ."
neutral,"Cohen & Steers , Inc. : 5 534 530 shares representing 4.985 % of the share capital and voting rights ."
neutral,"After the sale , Outokumpu 's share of the technology unit will be reduced to some 12-20 percent ."
neutral,"RAPALA TOURNAMENT FISHING : With all the major titles already out for the holidays , bargain-priced games such as Rapala aim for a smaller audience ."
neutral,"In the beginning of the negotiations , the estimated number of reductions was 50 at the maximum ."
neutral,The Estonian parliament was set to vote on amendments to the excise duty law on Wednesday that would add 0.42 kroons to the price of a liter of diesel and 0.45 kroons to the price of a liter of gasoline from the start of 2010 .
neutral,"One can also apply for jobs directly from the iPad , select which CV to attach and which covering letter is most appropriate for each position ."
negative,"Coca-Cola was the market leader of manufacturers with a market share of 36.9 % , down 2.2 % from the corresponding period in 2004-2005 ."
positive,Validating our fgVoIP client through Symbian Signed represents a significant step forward in accomplishing this goal .
neutral,"These companies own a 20,000 sq. m. office and commercial building and substantial amount of building right for a new shopping center in Liljeholmen , Stockholm ."
negative,- The Group - s result before taxes was EUR -1.9 ( -3.0 ) million .
neutral,Aldata said that there are still a number of operational aspects to be defined between it and Microsoft and further details of the product and market initiatives resulting from this agreement will be available at a later date .
neutral,No financial details were disclosed .
neutral,Sunrise Resources operates in Russian near-shore development markets through its wholly-owned Russian subsidiary and has 80 % of its personnel in Russia .
neutral,"The facility will have a lettable area of some 19,000 sq m. The plot for the plant , located in the Ratasmaki business park , will be purchased from the City of Forssa ."
neutral,The value of orders on hand totaled EUR 237.1 mn .
neutral,The server is responsible for managing devices and user accounts and a desktop client application enables remote access to the mobile phones .
neutral,Short-term licenses for the games cost as little as $ 3 while purchasing a game outright can cost as much as $ 10 or $ 15 .
neutral,"In Penttil+Æ 's vision , the most important reason for the transaction is Russia ."
positive,"Both operating profit and net sales for the 12-month period increased , respectively from EUR20 .8 m and EUR177 .7 m , as compared to the financial year 2004 ."
neutral,Componenta will also offer a five-year subordinated loan for subscription by the public .
neutral,"With the U.S. Federal Government putting a stake in the ground , vendors - and their customers - are focused on meeting the deadline ."
positive,"The Finnish government announced Wednesday that it sold a 32 percent stake in chemicals and fertilizer group Kemira Oyj for (  x20ac ) 655.6 million ( $ 890US million ) , sending the company 's share price up 6 percent ."
neutral,"Neste Oil said that while results from its biomass to 3 liquids demonstration plant , commissioned in June 2009 , have been promising , no decision on a commercial plant has been taken ."
neutral,"Elsewhere , the tendency is towards more developed packaging than before ."
positive,"The chain posted sales of 298 million euros for full 2005 , a rise of 19.5 percent , year-on-year ."
negative,"Last year , UPM cut production , closed mills in Finland and slashed 700 jobs ."
positive,Finnish food company Raisio Oyj HEL : RAIVV said today it will buy British snacks and confectionery company Big Bear Group plc for an enterprise value of EUR 95.3 million USD 129.9 m .
negative,"Operating result showed a loss of EUR 2.9 mn , while a year before , it showed a profit of EUR 0.6 mn ."
neutral,"Body ES Vostok also owns stakes in power sales companies MosenergosbytBody ( RTS : MSSB ) ( 50.9 % ) , Altaienergosbyt ( 100 % ) , Saratovenergo ( RTS : SARE ) Body ( 48.36 % ) and Tambov Power Sales Company ( RTS : TASB ) ( 49.01 % ) , all ofBodywhich it received from the distribution balance ."
negative,They are also upset that some of the machinery and work is taken over to Poland .
positive,"Net income from life insurance doubled to EUR 6.8 mn from EUR 3.2 mn , and net income from non-life insurance rose to EUR 5.2 mn from EUR 1.5 mn in the corresponding period in 2009 ."
positive,"Finnish pharmaceuticals company Orion reports profit before taxes of EUR 70.0 mn in the third quarter of 2010 , up from EUR 54.9 mn in the corresponding period in 2009 ."
neutral,The business to be divested generates consolidated net sales of EUR 60 million annually and currently has some 640 employees .
neutral,The corrected chapter is in its entirety below .
negative,The administrators have indicated a need for 900 job cuts at the Irish insurer over the next 15 months .
neutral,Aldata to Share Space Optimization Vision at Apollo User Group and 2009 Category Management Association Conferences ; Company Will Unveil New Solution that Combines Business Intelligence with Space Planning Data at Conferences
negative,Operating loss amounted to EUR 0.9 mn in the first half of 2006 compared to a profit of EUR 0.5 mn in the first half of 2005 .
negative,The union filed a grievance over the company 's overtime assignment policies .
negative,"In the Baltic states the company reports net sales of EUR 11.9 mn , down from EUR 14.2 mn , and an operative EBIT of EUR -2.2 mn , down from EUR -1.7 mn ."
neutral,"`` We have a group of 120 volunteers made up of Digicel employees who will manage the distribution ... Over the next week , they will distribute the 19,000 tents to more than 150 organizations , '' Digicel Haiti CEO Maarten Boute said ."
neutral,Why not subscribe to the magazine ?
positive,"Higher bit rates for outgoing traffic improves the end-user experience of mobile broadband services such as video conferencing , file sharing and sending e-mails with attachments ."
positive,The main strength of the cooperation project lies in merging the know-how of two large companies .
positive,The company now estimates its net sales in 2010 to increase considerably from 2009 and its operating result to be clearly positive .
positive,"The company , which celebrates its fiftieth anniversary next year , has been exporting distinctive detached homes to Central Europe for several decades ."
neutral,"The company has decided to stop the operations of Ruukki Construction Division in Latvia and Lithuania , and concentrate the production and logistics in Parnu , Estonia in 2009 ."
neutral,Ulefos Group is the leading supplier of manhole covers in the Nordic countries .
neutral,The effect of the savings will be noticeable from the beginning of 2010 .
neutral,"Patrick Jeambar will also continue being responsible for Innovation and Health , safety and environment HSEA functions of Ahlstrom Corporation ."
neutral,"According to Tyrv+Æinen 's estimation , Japan is a very essential location in terms of Finnair 's Asian strategy ."
neutral,Travel expenses would be reimbursed in accordance with the travel policy of the company .
positive,Incap and Lankapaja aim to enter into actual agreement to transfer the sheet-metal production to the buyer in February in order to complete the transfer on 1 March 2011 .
neutral,Ahlstrom 's share is quoted on the NASDAQ OMX Helsinki .
neutral,There did not seem to be enough hours in a day for Pekkarinen .
positive,"In a release , the Company said that Vocollect T2 customers in North America can now take advantage of its Voice Directed Warehousing solution and increase warehouse efficiency and productivity gains at a discounted price ."
positive,"Continuing operations turned an operating loss of EUR 0.1 mn , a slight improvement from a loss of EUR 0.2 mn a year earlier ."
neutral,`` The issues identified by Stonesoft affect a range of content inspection technology .
neutral,Olli-Pekka Laine has been appointed as the Chairman and Erkki Pehu-Lehtonen as the Vice Chairman of the Board .
neutral,"N +1 Group will pay EUR16 .5 m of the transaction price upon closing , and the remaining sum in 2012 ."
positive,"Finland 's leading metals group Outokumpu said its fourth-quarter net profit more than tripled on the back of strong global demand for stainless steel , soaring base metal prices and proceeds from the sale of its technology unit ."
neutral,"AHMS will also offer Hotel and Hotel Project Consultancy , Management Services , Brand Franchise , Training and Sales and Marketing services on a pan-India basis ."
neutral,"Finnish AC drives manufacturer Vacon is acquiring the AC drives business of TB Wood 's , part of the US group Altra Holdings ."
neutral,"The company 's set of services include digital printing , printing preparation , offset-printing , after-treatment services and send out services ."
negative,Net profit fell by almost half to +â 5.5 million from +â 9.4 million at the end of 2007 .
positive,"Operating profit totalled EUR 5.8 mn , up from a loss of EUR 1.7 mn in the fourth quarter of 2009 ."
neutral,GET MIDNIGHTTRADER IN REALTIME : This report is delayed .
neutral,"Steek , which was set up in 2002 , is based in Bordeaux , southwestern France ."
negative,"Finnish IT solutions provider Affecto Oyj HEL : AFE1V said today its slipped to a net loss of EUR 115,000 USD 152,000 in the second quarter of 2010 from a profit of EUR 845,000 in the corresponding period a year earlier ."
positive,"Besides we have increased the share of meat in various sausages and are offering a number of new tastes in the grill products and shish kebabs segment , '' Paavel said ."
neutral,The bridge is part of the highway 14 development project .
positive,Finnish business software group AffectoGenimap Oyj said it had signed an agreement to acquire all the shares in Swedish sector company Intellibis Ab for 12 mln euro ( $ 15.8 mln ) on a debt-free basis .
neutral,"The dividend will be paid on April 15 , 2008 to each of the shareholders who on the record date of April 8 , 2008 have been entered in the list of shareholders kept by the Finnish Central Securities Depository Ltd. ."
neutral,Financial terms were n't disclosed .
negative,"Finnair 's Tallinn-based subsidiary , Aero AS , carried 23,335 passengers , a decline of 60.8 % , on routes between Helsinki and the Baltic capitals and within Southern Finland ."
neutral,Each option right entitles the holder to subscribe for one new share at a subscription price of EUR0 .045 during the subscription period which ends on 31 December 2013 .
positive,Atria Group is a leading Scandinavian meat products group .
positive,"Pioneer Library System was one of 127 libraries , municipalities , arts , culture and higher education and science organizations to have been awarded grants to participate in The Big Read , the largest federal reading program in U.S. history ."
neutral,"Incap Corporation Stock Exchange Announcement 29 April 2010 at 1 p.m. INVITATION TO A NEWS CONFERENCE ON INCAP 'S INTERIM REPORT Q1-2010 Incap will publish its interim report for January-March 2010 on Wednesday , 5 May 2010 ."
negative,"Dealers said the share was largely hit by investor disappointment about a refining margin of just 9.48 usd per barrel for the quarter and the performance of its shipping unit , which saw EBIT drop to 5 mln eur from 20 mln eur a year amid a fall in volumes and tanker rates ."
positive,"in Q1 '10 19 April 2010 - Finnish forest machinery and equipment maker Ponsse Oyj HEL : PON1V said today that it expects to swing to a net profit of some EUR6 .3 m in the first quarter of 2010 , from an EUR9 .6 m loss a year earlier ."
negative,"After Chuck Smith was laid off on May 30 from his $ 90,000 housing consultant job , he and his wife had to cut spending in half for their family of six , having to rely on his wife 's income -- about the same as his -- alone ."
neutral,"The Company operates through four principal divisions : Consumer Packaging ; Office Papers ; Speciality Papers , as well as Market Pulp and Energy ."
neutral,"A total of 750,330 new Citycon shares with a nominal value of EUR 1.35 per share were subscribed in December exercising the A-B-C options based on the company 's stock option plan 1999 ."
neutral,"The company 's US subsidiary Vaisala Inc. acquires Aviation Systems Maintenance , Inc ASMI , a Kansas , U.S. based airport service company with over 2.6 million USD net sales in 2008 ."
neutral,"The group also plans to launch the 270 room Atria Grand , Whitefield , a five star luxury hotel , in 2009 ."
positive,"For the current year , Raute expects its net sales to increase and the operating result -- to be positive ."
positive,"The pilot project proved that RIFD technology is ideal for our purposes '' , comments Olli Saarinen , Material Handling Supervisor at Yara ."
neutral,"+_lemiste City is the environment for a knowledge-based economy providing work for 3,300 people with the total turnover of its companies amounting to EEK 5.4 bn , '' said +_lo P+Ærnits , chairman of the supervisory board of +_lemiste City and Mainor ."
neutral,"Reporting in accordance with the merged business operations will start as of January 1 , 2011 ."
neutral,F-Secure Online Backup automatically protects all the content stored on a computer or smartphone by making a copy of the content to an online location .
neutral,"Affecto will provide a new EFI Data Warehouse and reporting solution , behavioural scoring system supporting operational decision processes and Data Migration from old legacy systems to the new EFI system ."
neutral,The new shares entitle their holders to dividends for fiscal 2006 .
positive,Mr Lee said he hoped that Neste 's move will ` pave the way for more collaboration projects between our two countries ' .
neutral,"The add-on order contains , among others , control valves and instrumentation as well as complete mill engineering and electrification with Metso drive controls ."
neutral,"Capacity of the facility made by Finland 's Vaahto Group is 86,000 tons of light coated paper ."
neutral,The company expects sales revenue of RMB8 .0 billion in 2009 .
positive,"Vaahto , which has entered the deal via its subsidiary Vaahto Pulp & Paper Machinery , will supply two of the units in the end of 2010 , while the remaining ones are expected for delivery in the beginning of 2011 ."
neutral,"The major part of the deliveries include different AC and CXE amplifier solutions and products by DINH Telecom , a company acquired by Teleste last spring ."
negative,"In sales volume , Coca-Cola 's market share has decreased by 2.2 % to 24.2 % ."
negative,Finnish industrial group Ruukki Group has brought counter action against Finnish metal company Rautaruukki in the dispute concerning the names of the companies .
neutral,The Finnish textiles and clothing company Marimekko Corporation ( OMX Helsinki : MMO1V ) reported on Wednesday ( 5 November ) an operating profit of EUR8 .1 m on net sales of EUR59m for the period from January to September 2008 .
positive,`` We 've been feeling quite positive about the region as a whole .
neutral,"In 2007 , almost two thirds of Orion 's net sales came from these drugs ."
negative,EPS dropped to EUR0 .2 from EUR0 .3 .
neutral,Number of offers received for this contract is two .
neutral,"BAVARIA Industriekapital AG 's 2006 revenues were EUR 333 million , with an EBITDA of EUR 51 million ."
positive,"With CapMan as a partner , we will be able to further develop our business and continue to focus on providing quality restaurant services for our customers , '' says Christopher Wynne , CEO of Papa John 's Russia ."
neutral,The company specialises in temporary electrification and heating at construction sites .
positive,"Section : Regional News - The demand in Finnair 's Asian traffic , measured in passenger kilometers , was up 34.9 % in August compare to last year ."
neutral,"The composite body is coated with a hard coating layer produced by thermal spraying , and the coating is ground . ''"
neutral,"The Whitehall Street Real Estate Funds invest in real estate and real estate related assets , principally through the acquisition of real estate companies , real property and mortgage loans ."
neutral,Liora 's got a brand-new bag .
positive,Finnish Okmetic that manufactures and processes silicon wafers for the semiconductor and sensor industries and Norwegian solar wafer company NorSun have signed a contract under which Okmetic will supply NorSun mono silicon crystals for use in solar cell manufacturing .
neutral,The carrier said its Area travel agency is to sell most of its outlets to sister chain Suomen Matkatoimisto (SMT)and use its remaining bricks-and-mortar presence to primarily target business customers going forward .
neutral,"Finnish silicon wafers maker Okmetic Oyj said on September 17 , 2008 that it will invest a total of 15 mln euro $ 21.3 mln in its sensor wafer business ."
neutral,"The outsourced Scan and Capture solutions transfer paper invoices into electronic format , and Basware Business Transactions Service allows the customer to receive and send invoices in an electronic format ."
positive,"Finnish software developer Basware Oyj said on November 30 , 2006 its U.S. subsidiary Basware , Inc. won an order to provide software for contract lifecycle management to an unnamed U.S. medical technology company ."
neutral,L&T also acquired a 50 pct stake in local sector company Salvor Oy at the beginning of September 2007 .
neutral,"Aug. 31 , 2009 (Gawker Media delivered by Newstex)-- If you love fishing video games but felt that there just was n't enough wackiness involved , then Activision 's (NASDAQ : ATVI) Rapala : We Fish might just catch your eye with its family-fun hook ."
positive,in Q1 2010 18 May 2010 - Finnish electrical components maker Salcomp Oy ( HEL : SAL1V ) said today it turned to a net profit of EUR1 .6 m in the first quarter of 2010 versus a loss of EUR2m in the corresponding period last year .
negative,"In Finland , the city of Forssa has said it will not pay compensation to food industry companies HK Ruokatalo and Atria for the lye leak into tap water that occurred in March 2008 ."
neutral,The expanded plant is scheduled to be operational by the middle of October 2009 .
positive,The company plans to expand into the international market through its subsidiaries and distributors from 2011 onwards .
neutral,This beauty is an updated version of her chichi loop shade launched in 2001 .
neutral,"Demonstrations of the broad capabilities of the Mobility Business Suite will be organized during the 3GSM World Congress in Barcelona , from February 12th to 15th ."
neutral,Nordstjernan has used its option to buy another 22.4 % stake of Salcomp 's shares and votes .
positive,"Kone 's factory located at Ayanambakkam , a suburb to the west of Chennai , is a fully integrated facility which gives it the capability to address costs ."
neutral,"The order includes a log handling line , peeling line and drying line for the production of parquet base layer veneer for Plyfa 's Hassela mill , central Sweden ."
neutral,"The Finnish company sold its UK operation - consisting of 50 staff in offices in London , Birmingham and Manchester - as part of a deal with Hampden in July 2001 for its European-wide property and casualty arm Sampo Industrial ."
negative,"As a result , the company will temporarily lay-off 25 % of the whole personnel , approximately 270 persons at Kirkkonummi and Nivala factories ."
neutral,"In 2010 , Sanoma Magazines expects net sales to be at the 2009 level ."
positive,The new factory working model and reorganisations would decrease Nokian Tyres ' costs in the factory by EUR 30 million ( USD 38.7 m ) .
neutral,"Dopplr members share personal and business travel plans privately with their networks , and highlight interesting places to stay , eat and explore in cities around the world ."
neutral,"However , the brokers ' ratings on the stock differ ."
neutral,"The companies will divest to UPM Fray Bentos pulp mill and Forestal Oriental , a company specialising in eucalyptus cultivation ."
negative,"External net sales from the printing business fell by 43.7 % , partly due to the termination of the printing contract between Ilkka-Yhtyma 's printing house I-print Oy and sector player HSS Media AB in December 2009 and the fall in printing prices ."
neutral,"They re in a race with Google to get lots of users onto their service as social networking creates new business models , said Martin Garner , a London-based analyst with CCS Insight ."
neutral,"Igor and Oleg Yankov , who currently manage Moron and Vitim , will hold onto the 25 % stake for now ."
neutral,LSC 's 30 employees will move to Ixonos with their existing status and benefits .
neutral,Martela is a front runner in providing innovative solutions and customer service Martela designs and supplies interior solutions for working environments and public spaces .
neutral,"`` As a part of the Eseries business promise , the Nokia E50 has been equipped with a variety of email solutions in a small and stylised package , '' said Dave Grannan , general manager , Enterprise Solutions , Nokia ."
positive,"In the fourth quarter of 2009 , Atria 's net loss shrank to EUR 1.2 million from EUR 5.9 million and net sales contracted to EUR 340.4 million from EUR 361.1 million ."
positive,This acquisition supports our strategy of being close to our customers all around the world offering both equipment and related services .
positive,`` The announced investment of the carmaker Hyundai for example sounds optimistically for us as of course new cars mean new tires . ''
neutral,Financing of the project will come mainly from China .
negative,Finnish metal products company Componenta Oyj net profit went slightly down to 25.1 mln euro ( $ 40.2 mln ) for the first half of 2008 from 25.4 mln euro ( $ 40.7 mln ) for the same period of 2007 .
positive,21 October 2010 - Finnish fishing tackle company Rapala VMC Corp ( HEL : RAP1V ) said today its net profit rose to EUR18 .9 m for the first nine months of 2010 from EUR15 .1 m for the same period a year earlier .
neutral,"In addition , the existing service counter area in the reception hall will be rebuilt and access provided to local rail connections ."
neutral,Finnish Componenta has published its new long-term strategy for the period 2011-2015 with the aim of growing together with its customers .
neutral,"In 2009 , KONE had annual net sales of EUR 4.7 billion and approximately 34,000 employees ."
positive,"Operating profit for the nine-month period increased from EUR13 .6 m , while net sales increased from EUR394 .7 m , as compared to the corresponding period in 2005 ."
neutral,The combined value of the orders is almost EUR 3mn .
negative,"Operating margin , however , slipped to 14.4 % from 15.1 % , dragged down by a poor performance in enterprise solutions ."
neutral,`` Small well targeted acquisitions have played an important role in executing Satama 's strategy in the past couple of years .
neutral,Kaupthing Bank will publish its annual results for 2007 before markets open on Thursday 31 January .
neutral,The availability of the Internet services is highlighted in the service offer of Kesko 's K-Group stores .
neutral,The plant is expected to enter commercial operation by mid-2009 .
neutral,"Vaisala 's Present Weather Detector measures visibility up to 20 km , as well as precipitation type and intensity ."
neutral,`` The rest of this week 's tapings of Jimmy Kimmel Live have been canceled until he is back on his feet .
positive,"Net sales rose by 25.5 % year-on-year to EUR59 .6 m , as the number of chargers delivered went up by 41 % to 65.9 million pieces ."
neutral,"Through its partnership with Finnish Paulig 's Danish subsidiary Oscar , Puljonki acquired a sales organization in the European market ."
positive,"According to Olvi 's Managing Director Lasse Aho , the company has an ongoing MMX Plus project that aims to find growth outside Finland ."
neutral,A CUT ABOVE Bring the outdoors in with these birch-branch coasters .
negative,"In Q1 of 2009 , the company 's operating loss totalled EUR 0.3 mn , compared to a profit of EUR 3.6 mn in Q1 of 2008 ."
positive,Profit for the period was EUR 15.6 mn compared to EUR 14.1 mn in 2007 .
neutral,The European Central Bank ECB is anticipated to raise its benchmark interest rate in the second half of 2011 at the earliest .
positive,"Comparable net sales are expected to increase more than 10 % in 2008 , in line with group target ."
neutral,"Tekla 's software solutions make customers ' core processes more effective in building and construction , energy distribution , infrastructure management and water supply ."
neutral,You are warmly welcome !
neutral,"Strong brand visibility nationally and regionally is of primary importance in home sales , vehicle and consumer advertising ."
positive,Operating profit rose to EUR 27.8 mn from EUR 17.5 mn in 2008 .
positive,HELSINKI AFX - Outokumpu Technology said it has signed a 3.5 mln eur agreement with Mongolia 's Erdenet Mining Corporation for the engineering of the first HydroCopper plant to be built at the Erdenet mine site .
neutral,"The important thing now is to keep the bank 's existing 15,000 customers ."
negative,"However , the net sales declined to EUR 803.6 million from EUR 1.2 billion ."
neutral,The CVs of the proposed members are available for viewing from 12 March 2008 onwards on the Internet at www.sampo.com/ir .
neutral,"Telecom has a foreign investment limit of 74 % , but it appears that mobile VAS does not , which means that Tecnomen can pick up as much as 96.6 % ."
neutral,"According to Soosalu , particular attention was paid to residents privacy and security in the design of the Aleksandri Street building ."
neutral,"The orders are for 26 machine-room-less KONE MonoSpace elevators , which would be installed during 2006 ."
neutral,"In Asia earlier , Japan 's Nikkei index fell 0.62 percent and Hong Kong 's Hang Seng Index rose 0.56 percent ."
negative,"ADPnews - Sep 28 , 2009 - Finnish silicon wafers maker Okmetic Oyj HEL : OKM1V said it will reduce the number of its clerical workers by 22 worldwide as a result of personnel negotiations completed today ."
neutral,"Following the demerger , the vice president of the group 's pharmaceutical trade in Finland , Jukka Niemi , will be appointed managing director of Oriola in addition to his current responsibilities ."
neutral,"Published by Globes online , Israel business news - www.globes-online.com - on November 16 , 2009 -_ Copyright of Globes Publisher Itonut 1983 Ltd. 2009"
neutral,"`` Because we 're a pension insurance company , we 're required to diversify and not put too much in one asset class ."
neutral,"Finnish cargo handling solutions company Cargotec Oyj said on June 17 , 2008 that it will acquire New Zealand tailgates distributor Zepro Tailgate ( 1987 ) Limited for an undisclosed sum ."
neutral,`` Printed fabrics and related design expertise have always been the core of Marimekko 's business and brand .
neutral,No blind-spots coming from 1 vantage point allows investigators to see the whole story in high resolution with no unbroken video .
positive,"Mobile phone sales rose 25 % to 5.87 billion euros , while enterprise solution sales dropped 39 % to 186 million euros ."
neutral,The deal is in line with Etteplan 's strategy to operate as a partner of global customers and provide industrial technology design services .
positive,`` The acquisition of Elektros Pavara completes KONE 's market expansion strategy in the Baltic Countries .
neutral,Sanoma Corporation wants a new and better frequency for the Helsinki metropolitan area .
neutral,Forest certification is a voluntary system aimed at promoting sustainable forest management in commercial forests .
neutral,"Germany 's innovational centers are united in focusing at companies , which aim at use of technologies and development of new kinds of activity , through supporting the beginner companies with the entire spectrum of their services ."
negative,Pharmaceuticals group Orion Corp reported a fall in its third-quarter earnings that were hit by larger expenditures on R&D and marketing .
neutral,"The devices would be launched in the Chinese market in late 2006 , the company said ."
neutral,"In 2007 , Huhtamaki will continue to invest in organic growth ."
neutral,Antniemi refuted a report by the Finnish daily Turun Sanomat as if the company was reorganizing its operations in the Baltic countries .
neutral,"Okmetic has a global customer base and sales network , production plants in Finland and the US and contract manufacturers in Japan and China ."
neutral,UPM-Kymmene said its has ` not indicated any interest in any domestic consolidations ' .
neutral,Name of Company in which holdings have been acquired : Citycon Oyj 2 .
neutral,"The total investment in the company will be EUR58m , of which Wartsila 's share will be EUR29m ."
neutral,The joint venture is planning a quick timetable for negotiating the lease of the potential wind farm areas and for charting the feasibility of the wind farms .
neutral,"At the beginning of the subscription period on May 2 , 2006 the share subscription price under B option right is EUR 10.22 per share ."
neutral,"The solution is demonstrated on a tablet developed by Aava Mobile as a multi-window system , which enables the use of several applications simultaneously , for example the viewing of messages and calendar side by side ."
neutral,"PCS Digital Guatemala has been using Tecnomen 's prepaid system in Telgua fixed networks as well as code division multiple access , or CDMA , and global system for mobile communication , or GSM , since 2003 ."
neutral,The company says the measures are no longer needed .
neutral,"The program included operational improvements and reductions in personnel , mainly in the Netherlands ."
neutral,"The start of the negotiations , relating to Glaston 's efficiency program , was announced in October ."
neutral,The company is listed on the Nordic Exchange in Helsinki .
negative,"At 12.01 pm , the OMX Helsinki 25 was down 0.66 pct to 3,143.57 and the OMX Helsinki was 0.67 pct lower at 10,530.74 on 253 mln eur turnover ."
positive,"Satama 's net profit for the third quarter of 2007 rose to 275,000 euro ( $ 395,000 ) from 270,000 euro ( $ 388,000 ) for the same period of 2006 ."
neutral,`` They want my credit card info and my personal details .
neutral,"FinancialWire tm is a fully independent , proprietary news wire service ."
positive,"Adjusted for changes in the Group structure , the Division 's net sales increased by 1.7 % ."
negative,Operating profit fell to EUR 23.26 mn from EUR 32.86 mn .
negative,He said he has been losing five families a month to the economy as many make alternative arrangements to save money .
neutral,"The Board established a Remuneration Committee with following members : - Sari Baldauf Chairman - Tapio Hintikka - Heikki Westerlund In addition , the Board decided to appoint a Nomination Committee at a later stage ."
neutral,"According to Mark White , Locatrix Communications ' CEO , the company 's web services interface allows device owners , friends , and family to track and locate TWIG users via any web browser ."
neutral,"The company is owned by the State of Finland and the European Aeronautic Defense and Space Company EADS N.V. Tekla is an international software company that provides solutions for building and construction , energy distribution and municipalities ."
positive,"The Nokian tyre proves its high safety excellently in the important driving qualities stability with mark 1.4 , handling 1.5 and braking on wet road with 1.9 ."
neutral,BasWare Order Matching automatically matches purchase invoices with approved purchase orders .
neutral,Basware offers full support for all SAP versions starting from SAP 4.5 .
positive,"HELSINKI ( AFX ) - Nokian Tyres reported a fourth quarter pretax profit of 61.5 mln eur , up from 48.6 mln on the back of strong sales ."
positive,"Via the agreement , Ramirent will expand the range of equipment and services it delivers to Destia , Ramirent Finland 's managing director Kari Aulasmaa , said ."
negative,"However , its market share shrank to 47.59 per cent from 48 per cent a year earlier ."
negative,"The company plans to close two of the three lines at the plant , where some 450 jobs are under threat ."
negative,Sales by Seppala diminished by 6 per cent .
positive,"Finnish investment group Panostaja Oyj said its net profit went up to 8.6 mln euro $ 11.4 mln in fiscal 2005-06 , ended October 31 , 2006 , from 2.8 mln euro $ 3.7 mln in the same period of fiscal 2004-05 ."
negative,"Operating loss of the Pulp & Paper Machinery unit was over EUR 3mn in September 2007 - August 2008 , compared to a profit of EUR 3.7 mn a year earlier ."
neutral,The company will build altogether 130 new substations by the end of this year .
positive,"Re-use back into PET bottles has also steadily increased and the rate of use in strapping tape has picked up again after a dip in 2005 , Petcore said previously ."
neutral,The Group 's revenue in 2009 amounted to EUR 70 million and the company currently employs approximately 780 people .
neutral,"`` Each year , personal entertainment plays a more significant role in determining whether a fitness facility 's workout experience is pleasurable or a chore , '' said Brian Wilson , director of marketing for Precor 's Entertainment & Services Division ."
neutral,Gearing was 43 % compared to 67 % in 2004 .
neutral,"The Estonian beverages maker A. Le Coq today brought to the market a new premium class beer , A. Le Coq Special , investing 6 million kroons EUR 383,000 into its development and planning to sell three million liters of the beer during the next year ."
neutral,"It is positive that the company it recruited Harri Koponen as CEO , according to Affarsvarlden ."
neutral,"The transaction , which includes US$ 1.5 billion euro1 billion in cash , vendor notes and share purchases , is expected to be completed in the first quarter of 2008 , the Finnish-Swedish paper maker said ."
neutral,The hull of the vessel was built one block at a time and Ruukki delivered the plate material for each block as construction progressed .
neutral,The value of the order is USD 2.3 mn .
neutral,"After the transaction , Herttaassa 's holding in Alma Media has fallen below the flagging limit of 5 % ."
positive,Commencing the construction works of Pearl Plaza is a significant step in our Russian projects .
positive,"SRV will raise its holding in the company so that by the summer of 2008 , it will have a majority ."
neutral,"Stonesoft is a global provider of proven , next generation solutions that simplify network security management ."
positive,"efficiency improvement measures 20 January 2010 - Finnish stationery and gift retailer Tiimari HEL : TII1V said today that it will continue to improve its operational efficiency , by focusing on its profitable core operations ."
neutral,"In Finland , Martela offers a comprehensive service that can cover the entire process of change from initial inventory and design to removal and maintenance ."
neutral,"Glaston 's share GLA1V is listed on the NASDAQ OMX Helsinki , Mid Cap List ."
neutral,The value of the contract is in total USD12m .
neutral,Radiation and today is a full service house expert in radiation and nuclear safety issues .
neutral,The sale price was not disclosed .
positive,The training modules aim at strengthening the public accounting abilities and fulfilling communal project management .
positive,"`` The priority for 2009 was to strengthen the company 's balance sheet and increase cash flow , '' CEO Hannu Krook said ."
positive,One of Uponor 's promising future products is a hydronic cooling system .
neutral,Net sales are expected to remain on the same level as in 2007 .
neutral,"Cramo , headquartered in Vantaa , Finland , rents construction machinery and equipment , as well as rents and sells modular space ."
negative,"In the building and home improvement trade , net sales totalled EUR 1,173 mn , down from EUR 1,566 mn a year earlier ."
neutral,It is expected to be completed by the end of 2007 .
neutral,"Cargotec 's sales totalled EUR 3.4 billion in 2008 and it employs approximately 10,500 people ."
neutral,Pharmaceutical market in Belgium Global Research & Data Services published recently a market analysis about the pharmaceutical markets in Belgium .
positive,He believes that the soy-oats have a good chance of entering the UK market .
neutral,"Net sales in 2010 were about EUR 2.0 billion , of which international operations accounted for roughly a quarter ."
neutral,Activities range from the development of natural resources to the retailed marketing of finished products .
neutral,"Following the registration , the share capital of Biotie is EUR 52,556,678.10 ."
neutral,The company will be part of Teleste 's Video and Broadband Solutions business area .
neutral,The German subsidiary will produce software development services for Ixonos Telecommunications Business Unit 's client projects .
positive,Operating profit rose to EUR 3.2 mn from EUR 1.0 mn in the corresponding period in 2008 .
neutral,"ALEXANDRIA , Va. , Aug. 27 -- Timo Vataja of Tampere , Finland , Virve Inget of Oulu , Finland , have developed a computer program product with activating the right of use ."
neutral,"Currently , YIT builds a housing estate Zapadnye Vorota 26,000 square metres in the city and a house 9,910 square metres , which will be completed at the end of 2009 ."
negative,The Department Store Division 's sales fell by 8.6 % to EUR 140.2 mn .
positive,"`` This contract demonstrates our ability to apply our minerals and metals technologies in adjacent industries , such as oil shale processing ."
negative,"Operating profit totalled EUR 9.0 mn , down from EUR 9.7 mn in the first half of 2008 ."
neutral,"GENEVA , Feb. 10 -- Tero Aaltonen , Finland has developed a radio resource control method ."
positive,"Operating profit totalled EUR 0.4 mn , up from an operating loss of EUR 0.8 mn year-on-year ."
neutral,Other details were not provided .
neutral,"Currently , 95 % of Trainers House 's revenues are attributed to the Finnish market ."
neutral,UNC Charlotte would also deploy SSH Tectia Connector to enable secure application connectivity .
neutral,"The share sale , to foreign and Finnish investors , is expected to raise some euro300 million ( US$ 380 million ) ."
positive,Ruukki announced that it has signed an agreement with Aker Solutions of Norway to supply 24 suction anchors in September 2010 from its Kalajoki unit in Finland .
neutral,Net sales in 2008 are expected to be on the same level as in 2007 .
neutral,And Ogden reportedly will shell out $ 4.2 million .
positive,Net sales increased to EUR655m in April to June 2010 from EUR438m a year earlier .
neutral,A spokeswoman for the Italian fashion house declined comment on the settlement .
negative,"Finnish Suominen Corporation that makes wet wipes , nonwovens , and flexible packaging is starting employer-employee negotiations at its Tampere plant in Finland to lay off about 25 employees ."
positive,"Seppala 's revenue increased by 0.2 % to EUR10 .1 m. In Finland , revenue went down by 2.4 % to EUR6 .8 m , while sales abroad rose by 6.2 % to EUR3 .3 m. Sales increased in all the Baltic countries as well as in Russia and Ukraine ."
negative,18 March 2010 A leakage in the gypsum pond was detected today at the Talvivaara mine .
negative,"The EU Commission said earlier it had fined ThyssenKrupp , United Technologies Corp 's Otis , Schindler AG and Kone Oyj a total of 992.3 mln eur for alleged cartel activity in the lift market going back twelve years ."
negative,"`` We see that the market continues to be tight in magazine papers , and our target is to close the deals by the end of the year . ''"
neutral,Also the development of online businesses will continue .
positive,Nokian Capacitors ' equipment will be used to raise the capacity and reliability of the Indian grid .
neutral,"According to the notification , the holdings of Ameriprice Inc. and its group companies are now in total 808,973 shares , which represent 3.582 % of Tekla - s shares and voting rights ."
negative,"The offer , deemed too low by Finnlines ' board , stands until 4 pm tomorrow ."
positive,Finnish operator Elisa and Aker Yards have signed a long-term service deal through which Elisa will deliver all necessary voice and data services for Aker Yards in Finland .
positive,"`` The number of collection errors fell considerably , and operations speeded up ."
neutral,"Sampo Housing Loan Bank , a unit of Finland 's Sampo Bank , has priced its EUR1bn ( USD1 .3 bn ) bond at 99.889 % , Reuters reported ."
neutral,Finnlines will announce in week 17 of 2006 what measures it will take to tackle the situation .
positive,"The broker highlights Cargotec as its preferred stock in the sector , as it is a pure play on global cargo and container handling , and it expects it to play an active role in further consolidating the industry ."
neutral,The company said that the results of the third quarter do not include non-recurring items .
neutral,"Wayne Greensmith , Fiskars Brands UK senior brand manager , said : `` We have launched this as we want to give something back to the community ."
neutral,"The platform is based built on Intel s second-generation MID platform , called Moorestown ."
neutral,"On 20 March 2006 , Stora Enso refused to comment the news in any way ."
neutral,"Cramo Plc is a service company specialising in construction machinery and equipment rental and rental-related services , as well as rental and sale of modular space ."
neutral,No financial details were available .
neutral,"The segments through which the company operates are Frozen Food business , Seafoods , Vegetable Oil business , Grain Trading and Other business operations ."
positive,"Kalnapilio-Tauro Grupe ( Kalnapilis-Tauras Group ) , which is owned by Denmark 's Royal Unibrew , raised its market share to 25.18 percent from 23.74 percent , as beer sales for the seven months jumped by 14.5 percent to 40.5 million liters ."
neutral,Niklas Skogster has been employed by the ABB Group in various positions concerning the development of operations .
positive,"Okmetic 's products are based on high-tech expertise that generates added value for customers , innovative product development and an extremely efficient production process ."
positive,"In 2006 , Kone received an order from Aker Yards to supply 43 customised elevators for the very first Genesis cruise ship which is scheduled to be completed in 2009 ."
neutral,"That address also happens to house Italian megamart Eataly , meaning that `` Come on , kids , we 're going to the Toy Building ! ''"
positive,Affecto expects its net sales for the whole 2010 to increase from the 2009 level when they reached EUR 103 million .
positive,Under the contract Cramo Sverige and its subcontractor Brinkab AB will provide all scaffolding installations at LKAB 's new pellets plant in Kiruna in northern Sweden .
negative,"In a separate announcement to the Helsinki stock exchange , Atria revealed that the company 's third quarter profits declined from EUR13 .9 m in the third quarter of last year to EUR12 .7 m in this year 's Q3 ."
neutral,"This rating from A.M. Best is the highest among the CIS countries , Central and Eastern Europe ."
negative,"Nokia shares hit 13.21 euros on Friday , down 50 percent from the start of the year in part because of the slow introduction of touch-screen models ."
positive,"The 50-50 joint venture , to be called Nokia Siemens Networks , will be comprised of Nokia 's network business group and Siemens ' carrier-related operations , creating estimated synergies of 1.5 billion euros ( $ 1.9 billion ) by 2010 , Nokia said ."
negative,The company said that its comparable operating profit for the January-June period fell short of last year 's corresponding performance .
neutral,"The total floor area of the plant expansion is 29,000 square metres ."
positive,The diluted loss per share narrowed to EUR 0.27 from EUR 0.86 .
neutral,"The method utilises waterborne Ultra products , giving protection to wooden surfaces in an industrial painting process whereby two layers of top coat are applied on exterior wooden panels and boards without a separate primer ."
neutral,"The company had earlier said that it was considering different strategic options for the struggling low-cost mobile operator , including a divestment of its holding ."
neutral,"The reorganisation will be carried out by transferring HKScan Corporation 's production-related property , plant and equipment in Finland as well as its holdings in subsidiaries and associates to HKScan Finland Oy , a holding company wholly owned by HKScan Corporation ."
positive,"Fiskars , a 360-year-old global business best known for its orange-handled scissors , expects to derive synergies of EUR5 million a year by consolidating certain parts of the housewares division where the two compete ."
neutral,"EQT has completed its exit from Salcomp , a Finnish company that makes mobile phone chargers , by selling its remaining stake to Swedish investment group Nordstjernan for about ( EURO ) 35 million ( $ 47 million ) ."
negative,"( ADP News ) - Jan 27 , 2009 - Finnish industrial machinery company Vaahto Group Ltd Oyj ( HEL : WAT1S ) said today that its subsidiary Vaahto Ltd would cut 15 jobs in Finland ."
neutral,The most significant challengers in the market are Logset and Sampo-Rosenlew .
neutral,` The investment in Matka-Vekka has been reasonable for investors in CapMan funds . '
neutral,The Group 's business is balanced by its broad portfolio of sports and presence in all major markets .
neutral,- Moody 's said it gave P A1 long-term senior unsecured and P P-1 short-term debt ratings to Finnish lender Aktia Bank 's EUR1bn USD1 .4 bn euro medium-term note EMTN program of 25 March 2011 .
negative,"Metso Foundries Jyvaskyla , Inc. will begin personnel negotiations on temporary lay-offs and personnel reductions in Jyvaskyla , Finland ."
negative,"On top of that , the US Commerce Department published worse-than-expected construction spending figures for November ."
positive,"The fair value of the property portfolio doubled as a result of the Kapiteeli acquisition and totalled EUR 2,686.2 1,259.7 million ."
neutral,`` Nokia is just interested in bring Nokia to the market . ''
neutral,"`` Over the years , the color orange has become synonymous with quality ."
neutral,The fixed acquisition price amounts to NOK 70 ( approximately EUR 8.7 ) million and additional price NOK 15 ( EUR 1.8 ) million at maximum .
positive,"Elcoteq 's stock of orders has stabilised in the past weeks , Mr Krippl said ."
neutral,The implementation of the deal is subject to the approval by the Finnish Competition Authority .
neutral,"The company will disclose further details , including the anticipated transaction timetable and the name of the new investor , within one week ."
neutral,"UPM-Kymmene www.upm-kymmene.com produces magazine papers and newsprint , as well as fine and specialty papers , converting materials and wood products ."
neutral,We offer our customers solutions based on renewable raw materials .
negative,"`` However , the rapidly increasing costs and the strengthening of the euro were challenging for the whole industry , and they impacted on our results . ''"
neutral,Bertrand Sciard has been the vice chairman of the board of directors of Aldata Solution since April 2007 .
neutral,"The contract also includes cutting and edging wagon parts at Ruukki 's steel service centres in Seinajoki and Raahe , both in southwestern Finland , from where they will be delivered to VR for welding and assembly ."
positive,"`` The new structure provides better communication , faster decision-making and cost savings , '' Proha said ."
neutral,Okmetic has used the furnaces for the contract manufacturing of solar crystals .
neutral,"`` The biggest challenge was to make the piece look raw , '' Hansen said ."
positive,"EBIT excluding non-recurring items , totalled EUR 67.8 mn , up from EUR 38.1 mn ."
positive,Acquisitions have been made and businesses have been well integrated .
negative,"ADPnews - Feb 5 , 2010 - Finnish real estate investor Sponda Oyj HEL : SDA1V said today that it slipped to a net loss of EUR 81.5 million USD 11.8 m in 2009 from a profit of EUR 29.3 million in 2008 ."
neutral,The company also said that it will sell approximately 150 hectares of land to the city of Valkeakoski by the end of the year a part of its `` From job to job '' program .
neutral,"The hosting mobile terminal guides information flow between itself , the participating terminals , and optionally , with network servers that may assist the hosting mobile terminal ."
neutral,The duration of the contract is 37 months .
positive,"Finnish financial group Aktia reports operating profit of EUR 44.4 mn in January-September 2009 , up from EUR 37.3 mn in the corresponding period in 2008 ."
neutral,Glaston also has efficiency measures in all other units .
positive,The new technology improves the glass quality and consistency while increasing throughput .
negative,"The largest restructuring is planned for Italy , where negotiations on about 40 job cuts are to be initiated today , the company noted ."
neutral,Rimi supermarket is the key customer in Magistral center .
positive,"October-December sales were 302 mln eur , or a 25.3 pct increase year on year ."
neutral,"ISMS does not disclose its financial results , the daily said ."
neutral,"Finland-based companies , L+Ænnen Tehtaat and Raisio , have decided to dissolve the joint venture company ZAO Scandic Feed , which was established to start local animal feed business and feed production in northwest Russia ."
neutral,Rapala aims to move the distribution unit Ragot from Loudeac in Bretagne and the distribution unit Waterqueen and the fishing line supplier Tortue from Saint Marcel in Central France to Morvillars .
positive,"Both operating profit and turnover for the three-month period increased , respectively from EUR0 .9 m and EUR8 .3 m , as compared to the corresponding period in 2005 ."
positive,"The financial impact is estimated to be some 1.5 MEUR annual improvement in the division 's result , starting from fiscal year 2007 ."
positive,"The company booked April-June new orders worth 949 mln eur , compared with 786 mln eur in the same period a year ago ."
neutral,"Metso is a global supplier of sustainable technology and services for mining , construction , power generation , automation , recycling and the pulp and paper industries ."
positive,"( ADP News ) - Dec 11 , 2008 - Finnish construction and engineering company Outotec Oyj ( OMX : OTE1V ) said today it won a EUR 28 million ( USD 36.8 m ) order to expand the phosphate concentrator in Siilinjarvi of Norwegian minera"
neutral,"Please inform IR Johanna Koskinen of your participation no later than 20 April at 10 a.m. A telephone conference for financial analysts and investors , conducted in English , will begin at 3:00 p.m. Finnish time ( EET ) ."
positive,Ramirent is a leading company in machinery and equipment rentals for construction and industry .
neutral,"OMEO ( www.omeo.se ) employs 55 and expects net sales of some 23 mln euro ( $ 29.8 mln ) for fiscal 2006-2007 , ending April 30 , 2007 ."
positive,We are now in a position to pursue novel clinical candidates going forward . ''
positive,The agreement expands Tekla Structures ' scope of use to bridge design .
neutral,The company expects its net sales for the whole 2009 to be at previous year levels .
negative,"Konecranes Oyj KCR1V FH fell 5.5 percent to 20.51 euros , the biggest fall since June ."
positive,"According to HKScan Finland , the plan is to increase J+Ærvi-Suomen Portti 's net sales to EUR 80mn to EUR 100mn ."
positive,NORDIC BUSINESS REPORT-26 June 2006-Metso Corporation wins EUR50m equipment order in Australia -_ 1998-2006 M2 COMMUNICATIONS LTD The Finnish engineering and technology group Metso Corporation said on Monday ( 26 June ) that it has received a EUR50m equipment order in Australia .
neutral,The power generated annually by Loviisa covers about 10 % of Finland 's electricity consumption .
positive,1 February 2011 - Finnish textile and clothing company Marimekko Oyj HEL : MMO1V said today its preliminary operating profit grew to EUR8 .2 m in 2010 from EUR6 .3 m in 2009 .
neutral,"Finnish real estate investor Sponda Plc said on Wednesday 12 March that it has signed agreements with Danske Bank A-S , Helsinki Branch for a 7-year EUR150m credit facility and with Ilmarinen Mutual Pension Insurance Company for a 7-year EUR50m credit facility ."
neutral,Raisio is the site of the main production plants as well as company headquarters .
negative,Operating profit decreased to EUR 11.2 mn from EUR 16.6 mn .
neutral,SWOT analysis is just one method of categorization and has its own weaknesses .
neutral,Fiskars will be undertaking community projects throughout the UK and they are also on the lookout for local volunteers who are interested in helping out with the selected restoration projects .
neutral,"Westend ICT Plc s new 409,665,891 shares and increase of share capital with EUR 2,000,000 based on the resolutions of extraordinary shareholders meeting on 27 December 2010 have today registered in the Trade Register ."
neutral,The value of the total investment is about EUR 600mn .
positive,Incap Contract Manufacturing Services Private Limited has inked agreements with six new customers in India .
positive,"Operating profit was EUR 0.6 mn , up from a loss of EUR 19mn a year earlier ."
negative,Diluted earnings per share ( EPS ) declined to EUR 0.78 from EUR 1.76 .
positive,Revenue grew 12 percent to (  x20ac ) 3.6 billion ( US$ 4.5 billion ) .
neutral,Finnish food industry company L+Ænnen Tehtaat is planning changes to its fish product business .
negative,"In Finland , Sampo Bank , now part of the Danske Bank group , will lay off staff from the administrative and support functions ."
neutral,"With this , the company will exit the contract manufacturing service segment ."
neutral,"A meeting for the media and analysts will be held on the same day at 10:30 a.m. at Stonesoft Headquarters in Helsinki , Italahdenkatu 22 A. The Interim report will be presented by Stonesoft 's CEO Ilkka Hiidenheimo ."
neutral,Almost the entire office building will be occupied by Metso .
neutral,The contract includes an option to deliver an additional 75 ASCs in the next phases of the project .
neutral,Cameco is to provide an upfront investment of up to USD 60mn for the construction of the uranium extraction circuit .
positive,Espoon kaupunki awarded contracts for personal care products .
negative,"YIT lodged counter claims against Neste Oil totaling some EUR25m , primarily based on work carried out under the contract and additional costs incurred due to prolongation of the project ."
positive,"HK Ruokatalo now accounts for about 50 % of poultry sales in Finland , and profitability is at a good level ."
neutral,"The other actions include the cutting of the expensive weekend shifts , the freezing of the production bonus system and by a general cost-cutting program ."
neutral,Yvonne Jones is owner of Chameleon Interiors .
positive,"The Australian company Mirabela Nickel has awarded Outokumpu Technology a contract for grinding technology for its nickel sulfide project in Bahia State , Brazil ."
neutral,"So Mr. Galvan made savings adjustments of his own , buying less liquor and watching portion sizes ."
neutral,This wood lacquered clock comes with a stripy hand-crocheted cover .
neutral,"The Stockmann department store will have a total floor space of over 8,000 square metres and Stockmann 's investment in the project will have a price tag of about EUR 12 million ."
positive,"Revenue from July to September grew 21 percent to EURO 2.3 billion , the Finnish company said Thursday ."
neutral,"Currently , the plant operates on full capacity ."
neutral,"New Chairman of the Board of Directors , Mr Chaim Katzman , will give a presentation and answer questions ."
neutral,The upgraded factory is scheduled to come on stream in the summer of 2008 .
neutral,"Metso Oyj said it has sold its spreader roll manufacturing business and related assets in the town of Nokia , southern Finland , to a group of Finnish investors , who will operate the business under the name of Finbow Oy ."
neutral,Aktia forecasts Finland 's inflation at 1.1 % in 2010 .
neutral,Investment management and investment advisory services are the company 's sole line of business .
neutral,Satama and Trainers ' House will remain as names and independent brands of the business areas .
neutral,"Votorantim Celulose e Papel ( VCP ) is part of the Votorantim Group , a major Brazilian conglomerate ."
positive,"The apartment block will be well-located , in easy reach of the city center and close to both a school and kindergarten ."
neutral,The organization that is a member of the Russian auto sector union MPRA has become active since Tikkurila acquired Russian paint company Kraski Teks in 2006 .
neutral,A quick `` one-stop-shop '' to understand the company .
neutral,"The new majority owners of Aspocomp Thailand Co. , Ltd are certain private persons belonging to immediate circle of Aspocomp 's present Joint Venture partner , Saha Pathana Inter-Holding Plc. ."
neutral,"In a letter to Economic Affairs Minister , the listed Estonian shipping company Tallink asks for the approval to be entitled to a 15 % cut in port fees in 2010 ."
neutral,"M-real Corporation Stock Exchange Announcement 29 September 2006 at 4.15 p.m. Kyro Corporation and M-real Corporation , a Metsaliitto Group subsidiary , have agreed on an arrangement which gives M-real option to purchase the Kyroskoski natural gas powerplant from Kyro ."
positive,"Thanks to the multiplying effect of wagon performance , transport will be much more efficient , '' says development manager Juha Malkia from VR Cargo ."
neutral,"It s an area that is highly valued , because most of the land there has already been built on ."
neutral,"Byline : Tim Moran Cellular phone giant Nokia Corp. is offering $ 8.1 billion for digital map supplier NAVTEQ Corp. , of Chicago ."
neutral,The company 's net sales in 2009 totalled MEUR 307.8 with an operating margin of 13.5 per cent .
neutral,The orders also include a few high-power drives for the control of seismic compressors .
positive,Operating profit excluding non-recurring items increased by 27 % to EUR 81.9 mn from EUR 64.4 mn in the corresponding period in 2008 .
neutral,"The value of the contract is about EUR1 .0 m. Poyry , headquartered in Vantaa , Finland provides consulting and engineering services to the energy , forestry and infrastructure & environment sectors ."
negative,Device volume in the area decreased by 21 % to 2.7 mn units .
neutral,According to the announcement of the Helsinki Stock Exchange the share of Sentera shall be delisted from the NM-list of the Helsinki Stock Exchange accordingly .
neutral,The agreement is valid for four years .
negative,"( ADP News ) - Jan 22 , 2009 - Finnish mobile phones maker Nokia Oyj ( OMX : NOK1V ) said today its operating profit decreased to EUR 5 billion ( USD 6.5 bn ) for 2008 from EUR 8 billion for 2007 ."
neutral,The company 's net sales in 2010 totalled MEUR 311.4 with an operating margin of 13.9 per cent .
neutral,Status : Agreed
neutral,"The acquisition does not have to be from the frozen foods or fish sector , as long as it has synergies with L+Ænnen Tehtaat 's other businesses ."
neutral,"A total of 38,244 new Citycon shares with a nominal value of EUR 1.35 per share were subscribed on 19 April exercising the A-B-C options based on the company 's stock option plan 1999 ."
neutral,Alma Media 's net sales in 2009 totalled MEUR 307.8 with an operating margin of 13.5 per cent .
neutral,Stockmann was established in 1862 in Finland and it became the first foreign company to enter Russia 's retail trade market in 1989 .
neutral,"According to the company , a decision in the issue will be made in the summer of 2010 , at the earliest , and in the summer of 2011 , at the latest ."
positive,"Under the terms of the off-take agreement with Talvivaara , Cameco will provide an up-front investment , to a maximum of $ 60 million , to cover the construction cost of the uranium extraction circuit ."
neutral,"An acquisition of TeliaSonera would be France Telecom 's biggest since its 2000 purchase of Orange plc for  27.8 billion ( $ 55.1 billion ) and would create the world 's fourth-largest telecom company behind AT&T Inc. , Verizon Communications Inc. and NTT Corp. of Japan ."
neutral,"There have been 15 initial public offerings announced in Sweden this year , compared with two during the same period a year earlier , Bloomberg data shows ."
positive,"Finland 's national carrier Finnair PLC carried a record 8.5 million passengers in 2005 , an increase of 4.5 percent on the previous year , the airline reported Tuesday ."
neutral,Investments are not disclosed .
neutral,The smaller molecules improve the grip of the tyre at top-speed driving .
positive,"By cutting the number of plants , the group will trim fixed costs ."
negative,"In September alone , the market declined by 10.2 percent year-on-year to 19.28 million liters ."
positive,"H+_kan Dahlstr+¦m , head of mobility services at TeliaSonera , has forecast that mobile data volume on the TeliaSonera network in Sweden will rise eight-fold to 200,000 TB by 2014 ."
neutral,The Board of Directors has proposed the Extraordinary General Meeting to authorise the Board to decide on the issuance of a maximum of 30mn new shares in one or more share issues .
positive,Ruukki signed the contract with Norwegian company Veidekke Entreprenor AS .
positive,"Finnish high technology provider Vaahto Group reports net sales of EUR 41.8 mn in the accounting period September 2007 - February 2008 , an increase of 11.2 % from a year earlier ."
positive,Sanoma Magazines Finland 's net sales grew to EUR 140.1 mn from EUR 131.8 mn .
negative,The total number of filling stations has been on the decrease recently .
negative,Finnish investment group Norvestia Oyj said its net profit fell to 23.5 mln euro $ 30.6 mln in 2006 from 33.5 mln euro $ 43.6 mln in 2005 .
neutral,Efore has decided to establish a company for eletric vehicle ( EV ) business in China .
negative,Operating loss totaled EUR 0.3 mn compared to a profit of EUR 2.2 mn in the corresponding period in 2007 .
positive,"According to a report by Neomarkka , Kuitu Finland 's customers are interested in buying the company 's products when it restarts production ."
neutral,"The project will be a 2 x 600 MW coal-fired power plant , located some 420 km south of Hanoi , the company said ."
neutral,"Swiss bank Credit Suisse International will act as an investor in the locomotive manufacturing plant , the Astana administration said ."
neutral,"Also in Latvia , we act as a partner for bakery customers in both production and product development ."
negative,In February the Elcoteq group sold its St Petersburg facility ; according to unconfirmed information the reason could have been supply problems because of the Russian customs service .
neutral,"BAWAG - Is to issue a benchmark , covered deal ."
positive,"EBIT totalled EUR 14.4 mn , compared to a loss of EUR 0.3 mn in the corresponding period in 2009 ."
neutral,"The talks concerned about 160 people in Finland and the initial estimate was for about 35 redundancies , Fiskars said ."
neutral,Wellness services will be important in the future .
positive,It delivers a different user experience and enables us to widen the market we can address . ''
positive,"The German company has also signed a code share agreement with another Oneworld member -- American Airlines Inc , part of US-based AMR Corp ( NYSE : AMR ) ."
positive,The deal strengthens Ramirent 's position especially in the industrial sector and in large investment projects .
neutral,"Crucially , the decision to use ETSI ( European Telecommunication Standard Institute ) - backed DVB-H adds to the growing list of operators and equipment manufacturers opting for the standard ( see Global : 20 January 2006 : Competing Technologies Vie for Mobile TV ) ."
neutral,The customer is cooperative retailer Osuuskauppa Suur-Savo .
neutral,The solution will now be expanded to include all ground staff tasks .
neutral,"LONDON ICIS -- Tikkurila has completed the sale of its powder coatings business to Finnish industrial coatings firm Teknos Group , the Finland-based decorative paints company said on Wednesday ."
neutral,Pharmaceuticals - Czech Republic This brand-new market analysis gives a clear overview of the actual situation and future outlook of the pharmaceutical market in Czech Republic .
neutral,"Supported Nokia phones include : N96 , N95-8GB , N95 , N93-N931 , N92 , N85 , N82 , N81 , N80 , N79 , N78 , N77 , N76 , N75 , N73 , N72 , N71 , E90 , E71 , E70 , E66 , E65 , E62 , E61-E61i , E60 , E51 , E50 , Touch Xpress 5800 , 6220 Classic , 6210 Navigator , 6120 Classic , 6110 Navigator , 5700 , 5500 , 5320XM ."
positive,Operating profit improved by 39.9 % to EUR 18.0 mn from EUR12 .8 mn .
positive,"Kemira Coatings is the leading supplier of paints in Northern and Eastern Europe , providing consumers and professionals with branded products in approx ."
neutral,"CapMan has four investment areas ( CapMan Buyout , CapMan Technology , CapMan Life Science and CapMan Real Estate ) , and each of them has a dedicated team ."
negative,"IT services firm TietoEnator was bucking the general trend , holding flat at 22.70 eur , after slipping back from earlier gains ."
neutral,Price talk is in the Euribor plus 2 bps area and the sole lead is Citigroup .
neutral,"`` Korean consumers are tech-savvy and leading the pack in terms of design , '' Gill Hyun-chang , president of Motorola Korea Inc. , told Dow Jones Newswires in an interview ."
positive,Turnover rose to EUR21m from EUR17m .
neutral,Elcoteq expects its net sales for the last quarter of 2010 to be on the level of the third quarter .
negative,"20 October 2010 - Finnish environmental management company Lassila & Tikanoja Oyj HEL : LAT1V , or L&T , said Monday it expects its operating profit , excluding non-recurring items , for the whole 2010 to be slightly lower than in 2009 ."
neutral,The agreement must be approved by the Russian competition authorities before it enters into force .
neutral,"According to its notice , Skandinaviska Enskilda Banken AB publ Helsinki Branch has on 10 August 2009 divested in total 11,958,000 Alma Media shares to Ilkka-Yhtyma Oyj and Kaleva Kustannus Oy , as the conditions of the agreement made by the companies on 1 July 2009 fulfilled ."
positive,"SOUTHFIELD , Mich. -- Central Corporate Credit Union will again distribute patronage dividends to members by waiving all service fees incurred during the months of July and November 2008 , to the tune of an estimated $ 1 million ."
neutral,"According to CapMan Plc 's Corporate Governance , the majority of the committees ' members shall be independent of the Company ."
negative,The Elcoteq group recently announced that the last three months of the previous year brought to it a major loss of more than half a billion kroons ( EUR 32 mln ) for the fifth quarter running .
positive,"Lule+_ municipality has awarded YIT a 2-year contract , for property management of about one third of the municipality 's properties , with a total area of 140,000 sq. metres ."
neutral,"Motorola Inc. of the United States came second with shipments of 217.4 million units for a 21.3 percent market share , followed by South Korea 's Samsung Electronics Co. with shipments of 118.0 million units for an 11.6 percent share ."
neutral,Finnish Bank of +_land will launch its long-term pension savings account at the beginning of June 2010 .
neutral,"When completed , the 120-meter Watchtower will be the highest building in Ireland ."
neutral,Efore 's CEO Reijo Maihaniemi said that the company has developed and already delivered power supply units to respective systems based on this technology to Chinese sector company ZTE Corp SHE : 000063 .
neutral,"In Finland , Alma Media will focus on quality and developing chain operations ."
positive,"Pretax profit rose to EUR 1,019 mn from EUR 1,007 in the corresponding period in 2005 ."
neutral,"Finnish investment group Neomarkka Oyj ( HEL : NEMBV ) said today that it will buy the former production facilities of Kuitu Finland Ltd , as part of negotiations on the option to invest in specialty cellulose fiber business ."
neutral,"Participants at any of the book discussions or other special events , or visitors to the car dealership were eligible to enter the drawing for the 2005 silver , four-door Altima ."
neutral,"TeliaSonera s subsidiary , the mobile operator EMT in Estonia , has created a world s first mobile identification service which makes it possible to vote via a mobile phone ."
neutral,"Founded in 1994 , the company uses a six-step , time-focused , collaborative project approach to improve financial institutions ' revenue streams ."
neutral,"The Stena Poseidon is a so-called Panamax tanker , designed to be able to pass through the narrow passages in the Panama Canal 's locks ."
neutral,He wore a black beanie-type cap and a black jacket .
neutral,The company has 120 employees and annual sales of approximately EUR16m .
neutral,"In addition to verification of an identity and digital signatures , new state-approved Mobile ID enables to cast votes in elections as well ."
neutral,"It 's `` finger-friendly '' , and to my opinion , really fast ."
neutral,"The changes will take effect on 1 January 2010 , and they are not estimated to have an impact on the number of employees ."
neutral,Boomerang Boats had net sales of EUR 4.1 mn and it made an operating profit of EUR 0.4 mn in 2006 .
negative,"However , the orders received during the period under review fell by 17 % quarter-on-quarter from the EUR 213 million recorded in the second quarter of 2010 ."
neutral,The first stage of the contract covers 133 stores and 600 cash registers .
neutral,The deal was worth about EUR 1.2 mn .
positive,"Rory Fitzgerald , general manager , operations , Bristol Port , said : `` With the use of low maintenance technology we can save up to 30 per cent on servicing , plus the load sensing hydraulics can save us an extra 15 to 30 per cent on fuel consumption . ''"
neutral,"In Finland , 71 % of paper and paperboard is reclaimed ."
neutral,"As part of its new strategy , Finnish Biohit is planning to incorporate its diagnostics business into a separate limited company ."
neutral,"Chic and cheerful , Finnish design house Marimekko has been sending its geometric textiles out into the world for the past 60 years ."
neutral,The financial statements release will be available after publishing on the Company 's internet pages at www.cargotec.com .
negative,Operating profit fell from EUR 7.9 mn in the second quarter of 2005 to EUR 5.1 mn in the second quarter of 2006 .
positive,Managing Director Kari Inkinen says that Sponda 's leasing operations developed highly favourably .
positive,It is a solid credit that has been compared to a DZ Bank or a Rabobank .
neutral,"A. Le Coq Special was developed for the bicentenary of the company and the trade mark , the brewer said ."
neutral,"Juhani J+Ærvi , Corporate Executive Vice President of Kesko , says the Russian food retail sector is fragmented ."
neutral,The total value of the deliveries is some EUR65m .
positive,"Operating profit totaled EUR 825mn , up from EUR 763mn in 2004 ."
neutral,"Solvay S.A. has engaged Poyry to provide project management , engineering , procurement , and site services for a hydrogen peroxide production plant to be built by a Solvay-BASF joint venture at BASF 's Zandvliet site , Belgium ."
neutral,The negotiations concern 246 salaried and senior salaried employees and are scheduled to be completed in six weeks .
neutral,"Estonia 's Agriculture Minister Helir-Valdor Seeder is in Finland on a two-day visit , in the course of which he will meet with his Finnish counterpart Sirkka-Liisa Anttila ."
neutral,"Its product portfolio comprises harvesters , forwarders , harvester heads , as well as cranes and loaders ."
negative,"Finnish Vaahto Group that provides paper-making technology and process machinery is starting negotiations concerning the temporary lay-offs of all 140 employees at the company 's plants in Hollola and Tampere , in Finland ."
neutral,Capital base and capital adequacy measurement is based on approaches under Basel II .
neutral,"The study was not designed to enable formal statistical evaluation of therapeutic activity , the company said ."
neutral,New Novator products are supposed to be exported .
neutral,"According to Barclays , the F-Secure software will protect users from hackers , viruses , spyware and other digital attacks ."
positive,"Suominen Corporation estimates that the cost-cutting program that started in autumn 2005 , higher sales prices , and expected growth in volume of Wet Wipes , will make the company 's operations more profitable ."
negative,Incap Furniture is presently negotiating staff cuts .
neutral,"In January-September 2007 , operating profit totaled EUR 20.5 mn ."
positive,"`` This is a significant milestone for Benefon , helping us to secure critical USP 's for our personal navigation product roadmap for 2007 and beyond , '' commented Simon Button , Chief Technology Officer at Benefon ."
neutral,"In addition to software development , the new design unit will provide for mechanical engineering and electronics design ."
positive,"According to Bosse , the present cooperation is beneficial to all parties , however ."
positive,"Digia said its consolidated net sales for January-June 2010 were EUR67 .8 m , up 9.7 % on the same period in 2009 ( EUR61 .9 m ) ."
neutral,"Vehvilainen , who is currently the chief operating officer at Nokia Siemens Networks , will join Finnair on 5 January 2010 and take over as CEO effective 1 February 2010 ."
neutral,"In the automobile space , Maruti is the most searched brand in cars ."
neutral,"QPR has an established international customer base , spread over 70 countries in 2009 , and a variety of organizations including banks , manufacturing companies , service companies and government authorities ."
positive,The company said that it has started to investigate streamlining its operations in order to meet the tightening competition on the mobile phone charger market .
neutral,The group 's net sales in 2007 were EUR683 .6 m.
positive,"In the first nine months of 2010 , the company 's net loss narrowed to EUR 415,000 from EUR 7.4 million for the corresponding period of 2009 ."
positive,"Profit after taxes was EUR 0.1 mn , compared to EUR -0.4 mn the previous year ."
neutral,Rosa is one of the best-known Duckburg illustrators .
neutral,"One can even receive on the spot alerts as soon as jobs are posted , putting you at the front of the queue for opportunities ."
positive,"On the other hand , Montevideo said that having the two mills working in the area will generate jobs ."
neutral,"The copying , republication or redistribution of AFX News Content , inculding by framing or similar means , is expressly prohibited without the prior written consent of AFX News ."
positive,"According to CEO Matti Karppinen , Frozen Foods posted a good result in 2010 , as it did in 2009 ."
positive,Operating profit of the Asian plants grew markedly .
neutral,"The company expects its net sales for the whole of 2007 to be EUR 950mn-1 ,000 mn ."
neutral,"The total value of the agreement is USD4 .0 m , the company said ."
neutral,"In terms of power generation , Fortum produced 39.3 TWh of electricity during the first nine months of 2006 , compared with 38.0 TWh during the same period in 2005 , according to figures released in the group 's latest financial results ."
positive,"Both operating profit and net sales for the six-month period increased , respectively from EUR0 .4 m and EUR3 .2 m , as compared to the corresponding period in 2005 ."
neutral,"Westpac Banking Corp - Is to issue a benchmark , 3 year FRN deal in Euros ."
neutral,"The money will be spread mainly over 2011 and 2012 , the company said ."
negative,"That 's what I go to bed worrying about every night , ' he said ."
positive,"`` We are happy to be working with Rapala to encourage boaters and anglers to introduce newcomers to the sport , '' said RBFF President & CEO Frank Peterson ."
negative,"Profitability ( EBIT % ) was 13.6 % , compared to 14.3 % in Q2 2009 ."
positive,Net sales in 2007 are expected to be 10 % up on 2006 .
positive,UPM-Kymmene is one of the world 's leading printing paper producers with production in 15 countries and a sales network covering more than 170 companies .
neutral,"After the transaction , Tikkurila has no powder coatings related operations ."
neutral,"`` We have come out with a decision which is based on our preliminary economic , operational and environmental findings , '' Karvinen said ."
positive,Nordea Group 's operating profit increased in 2010 by 18 percent year-on-year to 3.64 billion euros and total revenue by 3 percent to 9.33 billion euros .
positive,"Operating loss was EUR 179mn , compared to a loss of EUR 188mn in the second quarter of 2009 ."
positive,The aim is to convert the plants into flexible manufacturers of new and technologically demanding products .
neutral,"In April 2010 , Olvi 's range of ciders will expand with a strawberry-rhubarb and an apple-pear cider in green bottles with a new shape ."
neutral,It 's not .
neutral,"HUHTAMAKI OYJ STOCK EXCHANGE RELEASE , 16.9.2008 AT 13.32 Huhtamaki 's Capital Markets Day for institutional investors and analysts is held in Espoo , September 16 , 2008 starting at 13.30 pm Finnish time ."
neutral,"The Segu companies and PKC 's Polish unit will form a business servicing the western European markets with `` annual sales of about hundred million '' and about 2,500 employees , the Finnish company 's CEO , Harri Suutari , said ."
positive,The company 's strength is its Apetit brand .
positive,"`` After a long , unprofitable period the Food Division posted a profitable result , which speaks of a healthier cost structure and a new approach in business operations , '' Rihko said ."
positive,Finnish Aktia Group 's operating profit rose to EUR 17.5 mn in the first quarter of 2010 from EUR 8.2 mn in the first quarter of 2009 .
neutral,"The 718,430 new Series A shares will become subject to trading on the Helsinki Stock Exchange 's Main List , together with the old Series A shares , on July 3 , 2006 ."
neutral,Recently the company decided to build a second identical plant at the same site due to be commissioned toward the end of 2008 .
positive,` Very recommendable ' is the Nokian Z G2 according to the ` ADAC judgement ' in the latest summer tyre test of the German automobile association ADAC .
neutral,The contract value amounts to EUR 2.4 million .
positive,"The combination of all services enabling us to offer a complex and strengthened service chain not only limited to the Baltic port connections but also for getting access to the world wide Grimaldi Network into the Mediterranean , Africa and North America `` says Uwe Bakosch ."
negative,"Temporary lay-offs , affecting the entire workforce , will also be implemented ."
negative,"Finnish Kemira 's net sales EUR decreased to EUR 1,259.6 mn in January-June 2009 from EUR 1,425.1 mn in January-June 2008 ."
neutral,Currency conversions are based on exchange rates at the time of the deal .
neutral,However short-term rentals are becoming more popular .
positive,"Net sales went up by 1 % year-on-year to EUR 29 million , affected by the business acquisitions , realized during the previous financial period , the effect of which was EUR 5.1 million on the review period ."
positive,"4 February 2011 - Finnish broadband data communication systems provider Teleste Oyj HEL : TLT1V saw its net profit jump to EUR2 .1 m for the last quarter of 2010 from EUR995 ,000 for the same period of 2009 ."
neutral,Talvivaara Mining Company Plc Talvivaara Mining Company is an internationally significant base metals producer with its primary focus on nickel and zinc using a technology known as bioheapleaching to extract metals out of ore .
neutral,"The value of the order is EUR 700,000 ."
neutral,"CapMan , with offices in Helsinki , Stockholm , Copenhagen and Oslo , manages Nordic buyout , mezzanine , technology , life science and real estate funds with approximately EUR2 .6 bn in total capital ."
positive,"Separately , YIT Corporation and Austrian firm E AG last week signed an agreement on the sale of E 's building system service business in Germany , Austria , Poland , the Czech Republic , Hungary and Romania for EUR 55 mln ."
neutral,"Niina Nenonen , Marimekko 's current director for clothing , bags and accessories lines , will take up this role ."
positive,Finnish pharmaceuticals company Orion 's net sales rose to EUR 190mn in the first quarter of 2009 from EUR 180mn in the first quarter of 2008 .
negative,"The tightened competition situation in the production automation market has affected net sales during 2006 , Cencorp said ."
neutral,"The business has sales of about ( Euro ) 35 million ( $ 44million ) , and has been responsible for sales and marketing of Lanxess 's paper chemicals business , which Kemira bought for ( Euro ) 88 million early this year ( CW , Jan. 11 , p. 22 ) ."
negative,Earnings per share ( EPS ) amounted to a loss of to EUR0 .06 .
positive,Diluted loss per share stood at EUR 0.15 versus EUR 0.26 .
negative,"Finnish Suominen Corporation that makes wipes , nonwovens , and flexible packaging , expects changes in the market situation to reduce sales of Suominen 's nonwovens and wet wipes from the previously estimated volumes ."
neutral,Total value of the contract is about EUR 10mn .
positive,"In the second quarter of 2010 , the group 's net profit rose to EUR3 .1 m from EUR2 .5 m in April-June 2009 ."
negative,"Samsung currently occupies third place and lost ground during the quarter , dropping by 1.8 % to an 11.1 % share overall ."
neutral,"The order comprises all production lines for a plywood mill , company said in a statement received by Lesprom Network ."
neutral,This includes a EUR 39.5 mn change in the fair value of investment properties .
neutral,- Cash flow from operating activities before investments was EUR 0.8 -1.2 million .
positive,The energy-efficient data center will be built by combining an effective energy solution with state-of-the-art technology .
negative,Consolidated operating profit from continuing operations decreased by 62.3 % to EUR 51.2 mn from EUR 135.7 mn in 2007 .
neutral,Solidium now holds 5.0 per cent of the shares Solidium Oy has acquired 5.0 per cent of the shares in Tieto Corporation for approximately EUR 58 million .
neutral,"Teollisuuden Voima Oyj , the Finnish utility known as TVO , said it shortlisted Mitsubishi Heavy s EU-APWR model along with reactors from Areva , Toshiba Corp. , GE Hitachi Nuclear Energy and Korea Hydro & Nuclear Power Co. ."
neutral,"Upon completion of these transactions , Metso 's stake will amount to more than 60 % ."
positive,"EUR928 ,000 in Q1 2010 6 May 2010 - Finnish textile and clothing design company Marimekko Oyj ( HEL : MMO1V ) said today its net profit rose to EUR928 ,000 in the first quarter of 2010 from EUR13 ,000 in the corresponding period a year earlier ."
positive,"Nokia controls more than 50 percent of phone sales in India and Africa , and has a strong prosition on most other emerging markets ."
neutral,"A structures BIM ( building information modeling ) software from Tekla , a model-based software provider , has been adopted for the construction management and delivery of a university project in Abu Dhabi ."
positive,"Finland 's Nokian Tyres and Kazakhstan 's Ordabasy Corporation signed an agreement to build a plant in Astana to produce car tires , Ordabasy chairman Dinmukhamet Idrisov said at a press conference ."
positive,The offer represents a premium of 24 % over the stock 's closing price on Friday .
negative,"The announcement pushed Freenet shares down 6.3 % , or EUR0 .71 , in Frankfurt trade to EUR10 .65 as investors gave up hope United Internet AG and Drillisch would pursue their own takeover and breakup of Freenet ."
neutral,Net sales in 2007 totalled EUR 329 million and the operating margin was over 19 % .
neutral,Europe needs 17 new large paper machines .
neutral,In return the New York-based private equity firm will receive a 51 % stake in the Latvian IT and telecom group .
neutral,The company 's operating profit for 2006 stood at 39.6 mln euro ( $ 57.9 mln ) .
positive,M-real 's sales are expected to have increased by 4 % year-on-year to EUR609m in the second quarter of 2010 .
neutral,"H1 '08 H1 '07 Q2 '08 Q2 '07 in mln euro , unless otherwise stated Net sales 386 328.6 201 160.7 Operating profit 46.3 35.8 23.2 9.5 Pre-tax profit 33.6 26.9 18.7 5.1 Net profit 25.1 25.4 14 4.0 EPS in euro 2.20 2.36 1.24 0.38 1.0 euro = $ 1.60 www.componenta.com"
negative,"Earlier today , Geberit 's Finnish rival Uponor OYJ cut its full-year sales growth forecast to 6 pct from 10 pct , blaming tough conditions in Germany and the US , as well as currency factors ."
neutral,"A total of 185 Wonderware Certified SIs are available to integrate and support Wonderware products such as InTouch - HMI software , IndustrialSQL Server historian , Wonderware Information Server , DT Analyst software or QI Analyst SPC software ."
neutral,"The total size of the complex is around 25,000 m2 and the project will be constructed in stages ."
neutral,The Bank is also examining the benefits of transferring the Swedish business to operate as a branch office so that the operations would be governed by Finland 's laws .
neutral,"M-real Corporation Stock Exchange Release 27 August 2009 at 3.15 pm M-real has received the EUR 190 million cash payment from Sappi M-real Corporation , a part of Mets+Æliitto Group , divested its Graphic Papers business to Sappi Limited at the end of 2008 for EUR 750 million ."
neutral,"The selling consortium includes funds managed by OKO Bank 's venture capital unit , Bio Fund Management and Finnish Industry Investment , a government-owned investment group ."
neutral,"Protalix closed at $ 10.71 on Friday on the American Stock Exchange , giving a market cap of $ 827 million ."
positive,"Revenue in July to September grew 14 percent to ( EURO ) 467 million from a year earlier , the company said Thursday ."
neutral,"A light , bright and pretty addition to your life , it will also keep a few pennies in your bank account ."
neutral,Technopolis 's technological centers supply their clients with modern high-class premises .
positive,"AUSTIN , Texas , Sept. 6 -- Texas Department Of Transportation awards contract for Teleste Video Compression and Distribution Equipment ."
neutral,Financial terms were not disclosed .
negative,"Due to the rapid decrease in net sales , personnel reductions have been carried out on a wider scale than initially expected ."
neutral,"Trading under the name Velta UK , a former Uponor brand , the company has been Uponor 's long-term partner in supplying Velta-branded systems particularly for the commercial and industrial building sector in the UK and internationally ."
neutral,"German Commerzbank AG 's Hamburg Branch and US JP Morgan ( NYSE : JPM ) participated as arrangers , and Dutch ING ( AMS : INGA ) as co-arranger ."
neutral,"However , two of the previously ordered sets will start producing electricity at the end of October 2010 , it said ."
neutral,"The Web-Marela application handles invitations to quote , quote comparisons , agreements , purchases , invoice inspections , inventory management , and deliveries ."
positive,Finnish Outotec has been awarded a contract to supply a new zinc roaster with gas cleaning and sulphuric acid plant for the OZK Kardzhali zinc smelter in Bulgaria .
positive,"Equity ratio was 60.9 % compared to 54.2 % In the third quarter of 2007 , net sales of the Frozen Foods Business totaled EUR 11.0 , up by about 5 % from the third quarter of 2006 ."
positive,The acquisition is expected to improve access to chrome ore resources in Turkey .
neutral,The ship unloader is totally enclosed along the entire conveying line to the storage facilities .
negative,Okmetic expects its net sales for the first half of 2009 to be less than in 2008 .
positive,"Net interest income was EUR 152.2 mn , up from EUR 101.0 mn in 2008 ."
neutral,"Nokia said that its next generation mobile gaming platform makes it easy for people to find , buy , play and share rich and immersive games on a range of Nokia devices ."
neutral,Catalysts segment includes refinery catalysts and polyolefin catalysts product categories .
positive,"A Helsinki : ELIiV today reported EPS of EUR1 .13 for 2009 , an increase over EPS of EUR1 .12 in 2008 ."
neutral,"Liquid handling products include electronic and mechanical pipettes , disposable tips as well as pipette maintenance and calibration services for research institutions , healthcare and industrial laboratories ."
negative,"Operating profit for the 12-month period decreased from EUR2 .9 m while turnover increased from EUR24 .5 m , as compared to the financial year 2004 ."
neutral,"Helsinki 19 May 2010 - Finnish company Lemminkainen Oyj ( HEL : LEM1S ) said today that it will construct an office building at Toolonlahti in downtown Helsinki , without disclosing financial details ."
negative,"Finnish management software solutions provider Ixonos Oyj net profit decreased to 369,000 euro ( $ 575,000 ) for the first quarter of 2008 from 669,000 euro ( $ 1.0 mln ) for the same period of 2007 ."
positive,Finnish consumer packaging manufacturer Huhtamaki Oyj said it swung to a net profit of 84.1 mln euro $ 105.6 mln in the first nine months of 2006 from a net loss of 2.6 mln euro $ 3.3 mln in the same period of 2005 .
neutral,The four-year contract between the bank and Ski Sport Finland will bring the bank 's advertisements to skiers helmets and caps .
neutral,The company pledged that the new software would render e-mails and other documents much as they appear on desktop computers .
neutral,The tool is a patent pending design that allows consumers to lay out their entire project on a removable plate using multiple clear stamps of any kind .
neutral,"In 2006 the company 's net sales amounted to approximately EUR259m and it has some 8,000 employees ."
positive,Major Order in India Comptel Corporation has received a significant long-term order for mediation and provisioning solutions being used by a leading operator in India .
positive,` By separating side businesses we will be able to faster expand and develop Tapro retail network .
negative,"Initially , the company said a maximum of 15 people would be made redundant in the parent company and about 15 in its subsidiaries ."
neutral,"Nokia will deliver a WCDMA 3G-HSPA radio network , including the modular , high capacity Nokia Flexi WCDMA base station to Indosat ."
neutral,The order was valued at over EUR15m .
positive,Construction volumes meanwhile grow at a rate of 10-15 percent annually .
neutral,"According to Rautaruukki , the company wants to promote the use of emission-free energy sources ."
neutral,"Jeder Beta-Tester erh+Ælt kostenlos sechs Monate lang Updates und hat laut eigener Aussage die M+¦glichkeit , die finale Version zu beeinflussen ."
positive,The transaction is in line with Aspo 's strategy to expand in the Baltic Sea region and in the eastern markets .
positive,Technical indicators for the stock are bullish and S&P gives NOK a positive 4 STARS out of 5 buy ranking .
positive,The parties have also agreed on options that allow UH to extensively implement later on also functionalities of human resources management .
positive,"Earnings per share EPS are seen at EUR 0.56 , up from EUR 0.38 ."
neutral,The issuer is solely responsible for the content of this announcement .
neutral,"A few months ago , Teva vice chairman Phillip Frost and Marathon Venture Capital Fund TASE : MARA sold Protalix shares ."
negative,Operating profit was EUR 1.6 mn in 2005 compared to EUR 5.9 mn in 2004 .
positive,"`` In the newly formed company YIT Stavo the local contact network , expertise and market know how of Euro Stavokonsult will be combined with YIT 's housing concept , '' said Juha Kostiainen , Yit 's Vice President , Corporate Communications and Business Development ."
neutral,"The Samsung Mobile Applications Store was launched in January 2009 by Samsung Mobile Innovator , a program which enables mobile software developers to create applications for use across Samsung mobile devices ."
neutral,"In the method the smelt spouts 2 are separated from the working area 6 by a shielding wall 8 , 10 arranged movable in relation to the smelt spouts ."
neutral,Its other well-known brands include fitness equipment maker Precor and U.S. - based ball sports equipment maker Wilson .
neutral,Her last position in Nokia Siemens Networks was head of Business Human Resources NSN global IT .
neutral,"As part of the reorganisation , Pohjola Insurance 's 250 field staff for private customers will join the payroll of local cooperative banks from the beginning of October 2008 ."
positive,The representative body of Swedish Meats approved an improved offer from Finnish HK Ruokatalo to acquire the company .
neutral,The interchange of Editors-in-Chief is a part of publisher 's goal to enhance job circulation in all personnel groups .
neutral,Completion of the transaction is subject to a final agreement and a Due Diligence process .
positive,"3 February 2011 - Finnish broadband data communication systems provider Teleste Oyj HEL : TLT1V said yesterday its net profit rocketed to EUR4 .8 m in 2010 from EUR416 ,000 in 2009 and it lifted its dividend proposal ."
neutral,"It is also set to launch a messaging service in the next few days , which would enable users to access their e-mail accounts on MS Exchange ."
neutral,"In 2010 , the Marimekko Group s net sales were EUR 73,297 thousand ( EUR 72,473 thousand ) and operating profit was EUR 8,169 thousand ( EUR 6,291 thousand ) ."
positive,"Profit before taxes was EUR 5.4 mn , up from EUR 3.6 mn a year earlier ."
neutral,The profit after taxes was EUR 57.7 11.1 million .
neutral,"The corresponding share capital increase , EUR 1,012,945.50 was entered in the Trade Register today ."
neutral,"In connection with the deal , Digia will employ 19 persons from Nokia in Oslo and in Silicon Valley in the USA ."
positive,"Finnish Metso Paper has won an order to supply an uncoated fine paper machine to MCC Paper Yinhe , in China ."
neutral,"Glaston 's own glass processing unit , Tamglass Glass Processing , is a manufacturer of high quality safety glass products operating in Finland ."
neutral,"` Patja has worked well for us for more than a decade , and Fujitsu 's new bid was competitive ."
neutral,"Thanks to its extensive industry and operations experience , Cybercom offers strategic and technological expertise to these markets : telecom , industry , media , public sector , retail , and banking and financial services ."
neutral,Operating profit for the quarter April-June 2006 amounted to EUR42 .9 m on net sales of EUR156 .3 m.
neutral,The business area 's net sales were slightly over 2m in 2006 .
positive,Operating profit rose to EUR 5mn from EUR 2.8 mn in the fourth quarter of 2008 .
positive,Finnish cutlery and hand tools maker Fiskars Oyj Abp ( HEL : FISAS ) said today its net profit rose to EUR 24.1 million ( USD 33.6 m ) in the third quarter of 2010 from EUR 17.9 million a year earlier .
positive,Ramirent s Danish subsidiary Ramirent A-S has today signed an agreement to acquire the business assets of the machinery rental company Jydsk Materiel Udlejning located in West Jutland .
positive,"Renzo Piano 's building design will be a wonderful addition to London 's skyline , '' says Noud Veeger , EVP and Area Director for Central and North Europe at KONE ."
neutral,Incap estimates it will generate a revenue of 10 mln euro ( $ 13.2 mln ) from its Indian operations for 2007 .
neutral,"In addition , the company is considering the start of production in Russia ."
positive,"The company 's net profit rose 11.4 % on the year to 82.2 million euros in 2005 on sales of 686.5 million euros , 13.8 % up on the year , the company said earlier ."
neutral,"The contract consists of a new building with an area of 18,000 sq m and renovation of the existing buildings ."
neutral,"In beers , Olvi retained its market position ."
neutral,"Cardona slowed her vehicle , turned around and returned to the intersection , where she called 911 ."
positive,"The fourth quarter saw Rapala swing back to a pretax profit of 1.5 mln eur from a year earlier loss of 1.2 mln on the back of a 30 pct uplift in sales to 44.8 mln eur , and a stronger performance in North America ."
neutral,"In 2007 , Etteplan had turnover of EUR125 .2 m."
neutral,Poyry 's net sales in 2007 amounted to about EUR 720 million and it employs 7400 experts .
negative,"In 2009 , Stora Enso 's net loss was EUR 879.7 million compared to EUR 673.4 million in the previous year ."
neutral,"The evidentiary hearing in the Investigation is scheduled for April 21 - May 1 , 2008 ."
neutral,"Elisa Corporation , headquartered in Helsinki , is a Finnish telecomms company offering private and corporate customers a comprehensive range of telecomms services ."
positive,"Fiskars , the World 's  1 Scissors Brand TM , recently won Learning - Magazine 's 2011 Teachers ' Choice Award for the Classroom ."
negative,Operating profit decreased to EUR 16mn from EUR 21.1 mn in 2008 .
neutral,Danske Bank is Denmark 's largest bank with 3.5 million customers .
positive,Sales rose to 300.9 mln eur compared with last year 's 276.1 mln eur and in line with 299 mln eur consensus figure .
neutral,The aim of the bridge solutions chosen is to minimize construction times while ensuring that traffic beneath the bridge on the Saimaa canal continues undisturbed .
positive,Net sales surged by 30 % to EUR 36 million .
neutral,The phones are targeted at first time users in growth markets .
neutral,The trucks feature an Eco Drive system - a fuel measuring tool which stores data particular to individual drivers .
neutral,"It started with software that was capable of retrieving the data typed into the computer keyboard ( `` keyloggers '' ) , and then more complex mechanisms arrived on the scene , such as phishing and pharming ."
positive,"However , the bottom-line result improved thanks to positive financial items ."
neutral,"The offer of some 30 million shares aimed to raise more than  x20ac 500 million US$ 640 million , was expected to be completed by Oct. 9 , Outokumpu said ."
neutral,"Rinkuskiai 's beer sales fell by 6.5 per cent to 4.16 million litres , while Kauno Alus ' beer sales jumped by 6.9 per cent to 2.48 million litres ."
positive,Finnish handling systems company Cargotec Oyj ( HEL : CGCBV ) said today that it won a EUR 13 million ( USD 16.6 m ) contract to deliver MacGregor hatch covers for ships ordered by Norwegian shipowner Grieg Shipping .
positive,Diluted earnings per share ( EPS ) rose to EUR 0.29 from EUR 0.05 .
negative,"Publishing Sweden 's operating loss was EUR 1.1 mn in Q1 of 2009 , compared to a profit of EUR 0.6 mn a year ago ."
neutral,"In June it sold a 30 percent stake to Nordstjernan , and the investment group has now taken up the option to acquire EQT 's remaining shares ."
neutral,"The agreement , which will cover monitoring , maintenance , server capacity service and backups , has a one-year extension option ."
negative,The company slipped to an operating loss of EUR 2.6 million from a profit of EUR 1.3 million .
neutral,The value of the order is EUR 4mn .
positive,"During the past decade it has gradually divested noncore assets and bought several sports equipment makers , including California-based Fitness Products International and Sparks , Nevada-based ATEC , a leading maker of baseball and softball pitching machines ."
neutral,"Amer , which bought Salomon from adidas in October , said the job cuts are aimed at boosting competitiveness ."
neutral,"Deliveries are to start later in 2010 , and the volume will increase in the years 2011-2012 ."
negative,They will cover all Forest Industry 's units and employees in Finland and concern temporary and permanent lay-offs .
neutral,"`` Of course , we are in talks with all those coming up with new projects that involve material handling , '' Konecranes President and CEO Pekka Lundmark said , when asked whether it was talking to Reliance Industries for supplying equipment to its upcoming refinery in Jamnagar ."
positive,Net sales grew in the period to  x20ac 402 million $ 585US million from  x20ac 401 million in 2006 .
neutral,The company also equipped the sculptural complex Rabochy i Kolkhoznitsa A Worker and a Collective Farmer in Moscow with snow melting system .
neutral,"The operations to be sold include manufacturing units in Finland , France , Poland and Turkey , as well as sales units in Germany and Lithuania ."
neutral,"Nastola , axe 14 jobs 16 February 2010 - Finnish wood products technology firm Raute Oyj HEL : RUTAV said today that it will transfer to Nastola , southern Finland , the production of its Jyvaskyla plant , which will affect 14 people ."
positive,"In January-September 2009 , the Group 's net interest income increased to EUR 112.4 mn from EUR 74.3 mn in January-September 2008 ."
neutral,Terms were not disclosed .
neutral,The company 's board of directors would propose a dividend of EUR1 .00 per share for 2005 .
neutral,Each share is entitled to one vote .
positive,"`` We are proud to welcome another distribution facility to north Mississippi and the region known as the logistics center of the United States , '' said Gray Swoope , executive director of MDA ."
neutral,"The huge bridge girders will be delivered to the site from our plant in Ylivieska , Finland ."
positive,"( ADP News ) - Oct 1 , 2008 - Finnish consulting and engineering company Poyry Oyj ( OMX : POY1V ) said today it was awarded a EUR 5.2 million ( USD 7.4 m ) extension to their existing consultancy engineering contract with Venezuel"
neutral,"Quartal Oy now owns 2,094,063 shares in Satama Interactive Plc , which represents 5,19 per cent of the share capital and voting rights ."
neutral,Country : ; Germany Sector : Construction-Real Estate ; Machinery-Engineering Target : Caverion GmbH Buyer : YIT Oyj Deal size in USD : 90.3 m Type : Corporate acquisition Status : Agreed
positive,Rapala estimates its net sales for 2008 will increase by between 8.0 pct and 12 pct assuming 2007 exchange rates .
positive,"`` P&O Ferries now has a very efficient and powerful vessel for its Dover to Calais route , '' head of the shipbuilder 's Rauma yard , Timo Suistio , said ."
positive,The company anticipates its turnover for the whole 2010 to surpass that of the previous year when it was EUR 67.1 million .
positive,Repeats sees 2008 EBITA above 18 pct of sales .
positive,The company said it estimates to make a slight profit thanks to cost-cutting measures .
neutral,"Following the acquisitions , Panostaja will establish a new business unit which will focus on heat treatment of metals ."
neutral,"It expects revenue between $ 8.4 billion and $ 8.7 billion , compared to analyst estimates of $ 8.67 billion ."
positive,"However , net sales in 2010 are seen to have grown to EUR598 .3 m from EUR582 .3 m in 2009 ."
positive,Metso will supply the equipment for two process lines at Northland Resources ' new Kaunisvaara iron ore project in Sweden which exploits Tapuli and Sahavaara iron ore deposits .
neutral,"Kemira 's R&D organization comprises approximately 750 people , the company said ."
neutral,"Simultaneously , Alma Media has purchased a 35 % share of Arena Interactive , a subsidiary of Arena Partners with a focus on mobile solutions development ."
neutral,"Swedish , Finnish and Danish listed companies are organized in three market cap segments , Nordic Large Cap , Mid Cap and Small Cap ."
positive,The pretax profit of the group 's life insurance business increased to EUR 36 million from EUR 27 million .
positive,The through service of FESCO is a telling example of strengthening the relationship between logistics companies and operators at the international level .
positive,Cargo volume grew by 7 % .
neutral,"According to L+Ænnen Tehtaat 's CEO Matti Karppinen , the company aims to deliver fish products to its customers a day earlier than it currently does ."
neutral,"Vaisala , headquartered in Helsinki in Finland , develops and manufactures electronic measurement systems for meteorology , environmental sciences , traffic and industry ."
neutral,"F-Secure , a developer of security solutions as a service through Internet Service Providers and mobile operators , announced results from its annual Online Wellbeing Survey ."
neutral,Stora Enso will record a capital gain of EUR 33 million as a non-recurring financial item in its fourth quarter 2006 results .
neutral,No planned closing date was provided .
neutral,"Tiimari 's registered share capital is 16,474,755 shares as per today ."
neutral,"Rimvesta is now controlled by the Estonian-owned real estate development company ELL Nekilnojamas Turtas , which a member of Merko , the largest construction group in the Baltic countries ."
positive,"HELSINKI , Finland , Sept. 18 , 2009 ( GLOBE NEWSWIRE ) -- Ixonos Plc expands the company 's smartphone R&D services and establishes a new next-generation smartphone design unit in connection with Ixonos ' site in Jyvaeskylae ."
negative,Finnish airline Finnair is starting the temporary layoffs of cabin crews in February 2010 .
positive,"Sales improved to SEK 1,553 mn , compared with SEK 1,408 mn ."
neutral,"Eero Katajavuori , currently Group Vice President , Human Resources , will take a year-long sabbatical starting from October 1 , 2010 ."
positive,Passenger-related revenue rose by 5.1 % to EUR 460.8 mn from EUR 438.5 mn in 2009 .
positive,"Based on strong customer interest and feedback , using RPM mobile phone manufacturers , operators , enterprises and developer forums can significantly increase their product and service quality , user-experience and cost-efficiency '' , Tulonen continues ."
positive,The ISO certification demonstrates that we are moving forward in our quality commitments to our customers . '
neutral,"CapMan 's first real estate fund , which had a total investment capacity of ( EURO ) 500 million and closed in June 2005 , invested in commercial properties in the Helsinki metropolitan area ."
neutral,"The inventors are Mukkavilli Krishna Kiran , Sabharwal Ashutosh and Aazhang Behnaam ."
positive,"Finnish steel maker Rautaruukki Oyj ( Ruukki ) said on July 7 , 2008 that it won a 9.0 mln euro ( $ 14.1 mln ) contract to supply and install steel superstructures for Partihallsforbindelsen bridge project in Gothenburg , western Sweden ."
negative,"Qualcomm estimated a first-quarter profit between 46 and 50 cents a share , excluding certain items , below the analyst estimate of 61 cents a share ."
neutral,This PC application allows users to copy files and other data from their Nokia mobile device to their computer as well as create backup content .
neutral,The energy sector accounted for approximately 33 % and the steel industry for about 57 % of the transportation volume .
positive,"( Filippova ) A trilateral agreement on investment in the construction of a technology park in St Petersburg was to have been signed in the course of the forum , Days of the Russian Economy , that opened in Helsinki today ."
neutral,"Nordea Bank AB publ holds 6.000 Alma Media shares , representing 0.008 % of share capital and voting rights ."
neutral,"Olvi 's target is to strengthen its market share in soft drinks , mineral waters , ciders , long drinks , and energy drinks ."
neutral,"Cramo is a service company specialising in construction machinery and equipment rental and rental-related services , as well as the rental and sale of modular space ."
neutral,"Below are consolidated , unaudited results for Amanda Capital under IFRS reporting standards ."
neutral,International operations accounted for over 80 % of net sales .
positive,"The developers of that project predict that once it is completed in April 2009 , Skanssi will attract some 4.5 million visitors annually ."
positive,Sales increased due to growing market rates and increased operations .
neutral,"We now have both the opportunity and the responsibility to create a new journalistic culture to serve the readers of Alma Media 's newspapers , `` says Hannu Ollikainen , head of the new Helsinki desk ."
positive,"The financial impact is estimated to be an annual improvement of EUR2 .0 m in the division 's results , as of fiscal year 2008 ."
positive,A profit is still on target .
neutral,"Following this increase Huhtamaki 's registered share capital is EUR360 .62 m and the number of shares outstanding is 106,063,320 ."
neutral,"The equipment Ixonos acquires with this deal includes mechanical engineering hardware ; an RF and antenna measurement laboratory ; facilities for the measurement of audio , cameras and displays ; as well as devices and robot units for the testing of mobile devices ."
neutral,Changes to the as-built models from the design were communicated to the subcontractors to accommodate them into the steel and GRC glass reinforced concrete fabrication process .
neutral,Storengy is the GDF SUEZ company that is dedicated to the underground storage of natural gas .
neutral,The value of the orders is about EUR 25mn .
positive,"9 September 2010 - Finnish stationery and gift retailer Tiimari HEL : TII1V said today its net sales rose by 2 % year-on-year to EUR5 .7 m in August 2010 , driven by growth in Finland , while demand in the Baltics remained weak ."
positive,"Meanwhile , Electrowatt-Ekono Philippines , Inc. was also awarded a three-year operation and maintenance ( O&M ) contract by FR Cement Corporation ."
positive,Finnish KCI Konecranes has raised its net sales growth estimate for 2006 from over 25 % to over 35 % .
neutral,"In 2006 , TeliaSonera net sales were SEK 91 bn , EBITDA was SEK 32.266 bn , net income was SEK 19.28 bn ."
neutral,The opening of the portal is part of the expansion strategy of Alma Media 's Marketplaces business unit .
positive,"According to Karhinen , OP-Pohjola is an exciting enterprise because the cooperation will bring huge opportunities for customers and the company itself ."
neutral,"`` We will now , after the relevant authority approvals , make a mandatory bid as required by the Finnish Securities Markets Act ."
positive,"At the end of March 2007 , the group 's order book was at EUR 39.6 mn , up 42 % from the corresponding period in 2006 ."
neutral,"So far as is known , he did not sell shares that he owns personally ."
neutral,"`` As defences mature , attackers develop Trojans that are equipped with content filters to detect online banking activity for capturing account details using methods such as form grabbing , screen shots , video captures , keylogging and injection of form fields ."
neutral,"The expanded agreement covers the sale , marketing and distribution of Benefon 's navigation and locator devices in China ."
positive,"This location makes the mall a convenient place to shop for consumers from three large residential areas nearby : Jaroszowka , Wysockiego and Zgody ."
neutral,"`` Thanks to my Nokia and Lulu , I am now proud to be a published His novel can be found here ."
neutral,Why put up costly cell phone towers in thinly populated areas when a few balloons would do ?
neutral,"We offer our clients integrated management consulting , total solutions for complex projects and efficient , best-in-class design and supervision ."
negative,"Stora Enso Oyj , the largest papermaker , in October said it would close four mills ."
positive,One attractive factor about the tablets for media companies is that they provide a new way of making money .
neutral,Jacobs has been supporting Storengy 's investment of developing storage sites since 2006 as owner 's engineer .
neutral,Olli-Pekka Kallasvuo was elected as vice chairman of the Board .
positive,A memorandum of understanding on cooperation between the Finnish Global Chemical Company KEMIRA and Vietnam National Chemicals Group ( Vinachem ) was signed on this occasion .
positive,The borrower was happy to do the roadshow and this paid off as the hit ratio from it was high .
positive,"Dubbed Nokia Money Solutions , company officials say the initiative would seek to bridge the gap between the banked and unbanked in developing countries ."
positive,`` Residentialconstruction in particular has picked up in several markets .
neutral,"Of these shares 14,747,084 are held by the Company and the number of outstanding shares and voting rights attached to the shares amounts thus to 161,256,847 ."
neutral,Protalix is developing genetically engineered proteins from plant cells .
neutral,"Since the registration of the shares subscribed in a directed share issue , the new number of Panostaja shares and voting rights is 41,733,110 ."
neutral,After 1 April 2007 Cencorp will not have any own employees in the territory .
positive,Operating profit rose to EUR 9.2 mn from EUR 6.8 mn in the corresponding period in 2007 .
positive,The group 's 12-month operating profit grew 31 percent to 337.8 million euros .
neutral,"The facility will be used to refinance Citycon 's existing credit facility , the company said ."
neutral,"Operating profit for the six-month period decreased from EUR111 .9 m , while sales increased from EUR1 ,275 m , as compared to the corresponding period in 2006 ."
positive,"Outokumpu of Finland , stainless steel manufacturer , plans to enter into a supply agreement with the Indian Railways ."
positive,"` After fixing our home-base , cutting costs and closing the non-profitable units , we are now looking at going forward , ' she said ."
neutral,Microsoft last week also issued the first patch for the Windows 7 operating system beta it had released days earlier .
neutral,18:30 Dinner The conference program can also be viewed as a live audio webcast through the internet pages at www.citycon.com .
neutral,"- The Group - s profit before taxes was EUR 0,2 7,8 million ."
neutral,"The deal includes all rental equipment and related merchandise , the rental contract of the depot and two employees , the company said ."
neutral,TELECOMWORLDWIRE-7 April 2006-TJ Group Plc sells stake in Morning Digital Design Oy Finnish IT company TJ Group Plc said on Friday 7 April that it had signed an agreement on selling its shares of Morning Digital Design Oy to Edita Oyj .
neutral,Vaisala 's board of directors will propose a dividend of 0.85 euro $ 1.24 per share at the company 's annual general meeting .
neutral,"The total value of the order , placed by Aspo ' marine transportation subsidiary ESL Shipping Oy , is EUR 60 million ( USD 77.5 m ) ."
neutral,"After the restructuring , UPM 's average paper machine capacity in Europe will be 320,000 tons ( 350,000 short tons ) in coated magazine paper and 420,000 tons ( 460,000 short tons ) in coated fine paper ."
neutral,"The company will publish its financial statement for 2008 on February 25 , 2009 ."
neutral,Nokia is requesting that the companies stop making and selling the mobile phones and pay monetary damages and costs .
neutral,"The machine will have an annual production capacity of 200,000 tonnes of super-calendered magazine paper and other paper grades based on recovered fiber , Stora Enso said ."
positive,"The company still expects its turnover in 2010 to slightly increase from the level of 2009 , adding that `` market predictability is still too poor for trustworthy forecasts on the market development of the contract manufacturing business during the current year '' ."
neutral,Kalmar Espana generated net sales of some 11.3 mln euro $ 14.8 mln in 2005 .
neutral,The amendment will not incur additional costs .
neutral,It appears from statistics of the Technical Surveillance Authority that customers who switch service providers mostly transfer their numbers to Elisa 's network .
neutral,The appointments will be in force until the new CEO has been appointed .
positive,"HELSINKI ( Thomson Financial ) - M-real said it will exercise an option to buy a 50MW natural gas power plant and land in Kyroskoski , Finland , for around 13 mln eur from Kyro Oyj ."
positive,"Iggesunds Bruk in Sweden is one of the most advanced , fully integrated pulp and paperboard mills in the world ."
positive,Viking Line head Jan Kaarstroem told TT that his company 's ferries were well equipped to handle ice and that all the passengers were safe .
positive,"These financing arrangements will enable the company to ensure , in line with its treasury policy , that it has sufficient financial instruments at its disposal for its potential capital requirements ."
negative,"Group EBIT for the first half was EUR13 .6 m US$ 17.8 m , falling short of the EUR22 .5 m it posted for the same period of 2009 ."
neutral,We do hope that this will in the future turn out to be a novel method for the prevention of alcohol and tobacco smoking associated oral cancers .
neutral,Earnings per share were EUR -0.04 -0.06 .
negative,Pretax profit decreased to EUR 33.8 mn from EUR 40.8 mn in the fourth quarter of 2005 .
neutral,"The 5,000 megawatt wind farm being planned in Raahe would be built offshore in front of Ruukki 's Raahe Works ."
neutral,For the new shares subscribed with stock options all shareholder rights commence from the date on which they are entered into the Trade Register .
neutral,Finnish component supplier Componenta Corporation OMX Helsinki : CTH1V said on Monday 16 June that it is changing its pricing cycle due to the increase of raw material prices .
positive,"In addition to fireplace exports , demand for lining stone has exceeded the level of the earlier part of the year and will continue to be clearly brisker for the remainder of the year ."
neutral,"These include software development for internet and mobile telephone content , communications , value-added software , financial services , security applications , systems integration and electronics ."
positive,"`` Overall , we 're pleased with the startup curve ... and we 're pleased with the quality of the paper , '' Stora spokeswoman Patricia Dietz said Tuesday ."
neutral,"Fortum needs a clear signal of commitment from the Government that the permit is available before the company will start the next round , Kuula says ."
negative,Swedbank 's shares have been hardest hit of the Swedish banks by the ongoing international financial crisis .
neutral,"Glaston 's well-known brands are Bavelloni , in pre-processing machines and tools , Tamglass and Uniglass , in safety glass machines and Albat + Wirsam in software solutions ."
positive,4G allows customers to use mobile broadband services with speeds up to ten times higher than with today 's 3G .
negative,The company said that sales in the three months to the end of March slid to EUR86 .4 m US$ 113.4 m from EUR91 .2 m last year .
neutral,Fancy Dans on the move FAB Glasgow gift and interiors store Fancy Dans is moving !
neutral,This corresponds to 6.81 percent of Okmetic 's share capital and voting rights .
neutral,"After completion of the acquisition , Poyry 's oil and gas expertise will cover multi-discipline engineering and consulting services across the complete oil and gas asset lifecycle , including deepwater engineering services ."
neutral,"At first , Solteq 's services to companies operating in the St. Petersburg area will include maintenance and material management systems and data collection solutions ."
positive,"The Brazilian unit of Finnish security solutions provider F-Secure signed up 1,500 new clients last year , online news source Reseller Web quoted the division 's commercial director , Vladimir Brand+_o , as saying ."
neutral,"The chain has been trying to cut its own costs , pressuring vendors such as fitness equipment manufacturer Precor to slash prices ."
neutral,"The dollar bounced back after hitting another record low against the euro , which reached $ 1.41 for the first time ."
positive,"In July-September 2008 , YIT 's net sales increased to EUR 970.8 mn , compared to EUR 906.8 mn in the corresponding period in 2007 ."
neutral,"OVA Press has a 60 % stake in the joint venture , while IMSM holds a 40 % stake ."
positive,"London 's leading shares today jumped almost 100 points , or 1.7 % , as the market opened ."
neutral,The closing of such transaction took place today .
neutral,"The program , which was started in the summer of 2007 , was originally estimated to last approximately two years ."
neutral,"3G data subscribers are also helping to maintain these growth levels , since data-only subscriptions push for more multiple SIM ownership ."
negative,"have notified that as a result of the Company issuing 14,432,000 new shares in the directed offering , the joint holdings of Pequot has decreased below 1-10 to 9.63 % of total number of shares and votes in the Company ."
neutral,"The challenge for the company , however , is finding new sources of raw material , said Risto Rinne , CEO of Neste Oil ."
neutral,"Most recently , he founded Virent Energy Systems , Inc. , an 80 person catalytic biofuels company , where , as president and CEO , he led the company through multiple financings , defined the company 's market strategy , and secured the company 's first customers ."
negative,"Thanks to the internet , consumers compare products more than previously and Finnish companies are not competitive ."
neutral,"pct lower at 4,442.10 ."
neutral,And that 's exactly what happened on a recent weekday when an East Haven baker was brought in to remind residents about the Easter tradition of making wheat and rice pies .
neutral,Veracel is preparing an appeal in the issue and has asked the court for clarification of the judgement .
positive,"Atria will launch a campaign in September to promote the CampoMos brand on the Moscow market , he said ."
positive,Efficiency programs totalling 100 million euros are under way in Finnair .
neutral,Rapala VMC Corporation ( Rapala ) is a Finland-based company engaged in the manufacture and distribution of fishing equipment and accessories .
positive,The objective of the planned measures is to achieve significant savings in the next few years .
positive,Productional situation has now improved .
neutral,M-real plans to discontinue production of standard coated fine paper in the Hallein and Gohrsm++hle mills .
neutral,"The Company serves approximately 3,000 customers in over 100 countries ."
neutral,"As a result of the transaction , Sanoma Budapest has acquired a stake in the online store Egeszsegbolt ."
neutral,Managing Director Timo Kohtam+Æki of Lemmink+Æinen Infra nevertheless points out the continued need for infrastructure construction in the Baltic markets .
neutral,"Elcoteq Dongguan was established in 1999 in the Nancheng District of Dongguan , China and is one of Elcoteq s four volume manufacturing plants in the Asia-Pacific region ."
positive,"`` Lidskoe Pivo 's investment program foresees the integrated modernization of production , updating transport and logistics infrastructure and developing new marketing instruments , '' Mikshis said ."
neutral,"Currently the Terminator lures are produced in a subcontract facility in Mexico but the manufacturing will be transferred to Rapala 's factory in Shenzhen , China ."
negative,"Profit before taxes was EUR 4.0 mn , down from EUR 4.9 mn ."
negative,"`` We can say that the number of deals has become normalized by the moment , and therefore we have decided to devalue our apartments now on sale , '' he added ."
positive,"Compared with the FTSE 100 index , which rose 28.3 points or 0.5 % on the day , this was a relative price change of 2.3 % ."
negative,"Operating profit for the three-month period decreased from EUR1 .65 m while net sales increased from EUR14 .6 m , as compared to the corresponding period in 2005 ."
negative,The company 's previous estimate was for a lower revenue than the year-ago EUR 93.9 million .
neutral,"The total investment in the Vantaa plant extension will amount to around 10 million euro , and Okmetic 's share of the investments will be worth around 2.7 million ."
neutral,"Founded in 1985 , Quatrocon 's clientele consists of public sector builders , central trading companies and major construction firms ."
neutral,"The company designs , manufactures and markets advanced composite products for industrial applications and consumer goods such as cross-country , alpine and Nordic Walking poles , floorball sticks and antenna radomes ."
positive,"After the takeover , Cramo will become the second largest rental services provider in the Latvian market ."
positive,"In addition , Kone signed a two-year maintenance contract for the escalators ."
neutral,Being successful requires providing a level of quality that satisfies our customers and partners .
neutral,"Swedbank Hypotek - Is to issue a benchmark , fixed rate covered deal in Euros , maturing January 2010 ."
positive,"ST. PETERSBURG , Oct 14 ( PRIME-TASS ) -- Finnish tire producer Nokian Tyres plans to invest about 50 million euros in the expansion of its tire plant in the city of Vsevolozhsk in Russia 's Leningrad Region in 2011 , the company 's President Kim Gran told reporters Thursday ."
neutral,The prices of stainless steel also rose in Europe .
neutral,"The major part of the deliveries include different AC and CXE amplifier solutions and products by Belgian DINH Telecom , a broadband solutions company acquired by Teleste in the spring of 2007 ."
positive,Estonia 's beer market overall grew three percent last year to 130 million liters .
positive,"Finnish security and privacy software solutions developer Stonesoft Oyj said on January 7 , 2008 that the preliminary sales of its StoneGate products grew by 59 pct year-on-year to 3.6 mln euro ( $ 5.3 mln ) for the fourth quarter of 2007 ."
neutral,"Nevertheless , the development can not be allowed to ruin the print newspaper , which continues to be Sanoma News ' main medium ."
negative,"When this information was released on 5 September 2008 , Nokia 's American Depositary shares fell by 8 % ."
positive,"Cargotec Corporation , Press Release , August 26 , 2008 at 10 a.m. Finnish time Cargotec 's MacGREGOR business area providing marine cargo handling and offshore load handling solutions has received significant offshore crane retrofit order ."
negative,"On the other hand , Finnish sawmills ' production has decreased even more ."
neutral,Russia 's Video International Group holds a controlling stake in Russian Media Ventures .
positive,"`` This vessel order will help Aspo secure the long-term competitiveness of its fleet , both in terms of technology and pricing ."
positive,"`` We have tailored our solutions to meet Solel 's technical requirements , and the result is both cost-effective manufacturing and highest-quality reflectors . ''"
neutral,The proposed consolidation activities will impact approximately 30 positions .
neutral,"cents Scout for potential acquisition targets , with detailed insight into the companies financial and operational performance ."
positive,"NAVTEQ has a commanding lead in installed map data systems in North American vehicles and may be the leader in turn-by-turn navigation data offered by services such as OnStar in North America , said analyst Phil Magney of Telematics Research Group in Minnetonka , Minn. ."
neutral,The arrangements do not apply to the group 's units outside Finland .
neutral,It offers advanced machinery maintenance and process development services to the pulp and paper industry in Northern China .
neutral,"ALEXANDRIA , Va. , Dec. 19 -- United States Patent no. 7,853,620 , issued on Dec. 14 , was assigned to Nokia Corp. ( Espoo , Finland ) ."
neutral,"The address location is provided to a local controller , preferably by wireless transmission , which then uses the address location to access the appliance control module ."
positive,"At the same time profit of the company increased by 10 % in H1 and reached Ls 79,000 ."
neutral,"Elcoteq SE Stock Exchange Announcement February 4 , 2009 at 10.00 am ( EET ) Elcoteq will publish its financial statements bulletin 2008 on Wednesday , February 11 , at 9.00 am ( EET ) ."
negative,"In Finland , metal sector company Componenta is laying off temporarily the staff of its Pori mill from Christmas 2008 till 6 January 2009 ."
neutral,"The share issue , derogating from the pre-emptive right of the shareholders and comprising some six million new shares at market price , will be offered for subscription by shareholders , holders of capital notes and by professional clients ."
negative,The fair value of the company 's investment properties went down to EUR2 .769 bn at the end of September 2009 from EUR2 .878 bn a year earlier .
neutral,"s business sectors are building construction , infrastructure construction and technical building services ."
neutral,The authorization is in force for a period of 18 months from the resolution by the General Meeting .
neutral,"Latin America currently accounts for approximately 40 % of sales at Tecnotree , company president and CEO Eero Mertano recently told BNamericas ."
positive,"In Middle East & North Africa , Tecnotree has grown considerably in the recent years ."
neutral,An Apple spokeswoman said the company declined to comment .
neutral,"He joins Technopolis from KONE where he has held various positions within the Group , most recently as Director of Service Business and Business Development for KONE s Middle Eastern operations ."
neutral,"`` Every partner will be allowed to buy a quantity of electricity corresponding to their share in the consortium , at production cost , '' a letter of intent said ."
neutral,The tower 's engineers have created an 18 degree westward lean - four times the inclination on the Leaning Tower of Pisa - using diagrid structures that are aligned geometrically using Tekla Structures BIM ( Building Information Modeling ) software .
neutral,Registration is required .
positive,Finnish silicon wafers manufacturer Okmetic Oyj said it swung to a net profit of 4.9 mln euro $ 6.3 mln in the first nine months of 2006 from a net loss of 1.8 mln euro $ 2.3 mln a year earlier .
negative,As a result of the negotiations the employment of 130 blue - and white-collar employees at the Oulu plant would be terminated .
negative,"Raute reported a loss per share of EUR0 .86 for the first half of 2009 , against EPS of EUR0 .74 in the corresponding period of 2008 ."
positive,Sponda Plc Stock Exchange Release 5 December 2006 at 15.45 EUR 1.5 BILLION SYNDICATED CREDIT FACILITY FOR SPONDA Sponda has signed an agreement for a one-year syndicated credit facility for a total of EUR 1.5 billion .
neutral,The new shares will provide the shareholders with full shareholder rights .
neutral,"The unit 's clients are mainly in the field of specialist convenience goods , as well as in the textile , shoe and furniture businesses ."
positive,Finnish plumbing and heating systems supplier Uponor Corporation ( OMX Helsinki : UNR1V ) said on Tuesday ( 12 August ) that its board of directors has authorised the management to proceed with a company-wide cost reduction program .
neutral,"In 2009 , Lee & Man had a combined annual production capacity of close to 4.5 million tonnes of paper and 300,000 tonnes of pulp ."
neutral,"It includes the company 's new , highly powerful , compact and scalable Flexi Multiradio 10 Base Station ."
negative,"The negotiation has resulted in the reduction of 80 people in regular employment , around half of which will be covered with pension arrangements ."
negative,"Tornio Works employs 2,300 of whom more than 1,800 have been in the scope of the fixed-period or part-time temporary layoffs in April-October period ."
neutral,Nokia and Capcom announced that Resident Evil Degeneration will be released on N-Gage later this year .
neutral,Its 168 asset management experts manage assets worth over EUR 35 billion .
neutral,"ALEXANDRIA , Va. , July 11 -- Hannu Kahonen of Juuka , Finland , has developed an ornamental design for a handle for fire pit door , the U.S. Patent & Trademark Office announced ."
positive,TeliaSonera is the leading telecommunications company in the Nordic and Baltic regions .
neutral,"Mr. Jorma Valkama , Managing Director of Suomen Paikallissanomat Oy , states that Rannikkoseutu complements in an outstanding way the current product range of the company ."
neutral,Finnish silicon wafer technology company Okmetic Oyj OMX Helsinki : OKM1V said on Wednesday 17 September that it will invest EUR6m in its sensor wafer business during 2009 .
neutral,"The mall is part of the Baltic Pearl development project in the city of St Petersburg , where Baltic Pearl CJSC , a subsidiary of Shanghai Foreign Joint Investment Company , is developing homes for 35,000 people ."
neutral,He said things will be different when new Finnish nuclear power stations go into operation and the large hydro powered stations of northern Europe have a good year .
negative,"In Q1 of 2009 , the company 's result before taxes from continuing operations , excluding non-recurring items , totalled EUR -0.4 mn , compared to EUR -0.1 mn in the corresponding period in 2008 ."
neutral,The total capacity of the factory will be approximately 100 engines a year .
neutral,"Nokia said it still expects to sell 150 more million Symbian devices in years to come , giving an indication of how it expects the Phone 7 handoff to work ."
positive,These measures are expected to produce annual cost savings of EUR 1.5 million starting in 2007 .
neutral,"For 2009 , net profit was EUR3m and the company paid a dividend of EUR1 .30 apiece ."
neutral,I thank Jarmo Ukonaho warmly for his contribution and wish him all the best in the future challenges . ''
neutral,"Neste Oil s refineries have a combined crude oil refining capacity of approximately 260,000 barrels a day ."
neutral,In Sweden the agreement covers data communication services as well .
positive,"ASPO Plc STOCK EXCHANGE ANNOUNCEMENT May 4 , 2006 at 10:00 a.m. An increase in the share capital of Aspo Plc totaling EUR 1,125.60 was registered today ."
neutral,This is due to the postponement of the decision-making of projects in the negotiation phase from the earlier estimation .
neutral,No financial details were revealed .
neutral,The report contains category level company and brand share as well as distribution share information for 2007 and 2008 .
neutral,"According to Gran , the company has no plans to move all production to Russia , although that is where the company is growing ."
neutral,"The contractor of the shopping center , China State Construction Engineering Corporation , has previously built e.g. airports , hotels and factories for large international customers in different parts of the world ."
positive,This is the second successful effort for the financial investor this year .
neutral,"Apart from Nordea , also Ergo is competing for the position among the top three pension funds providers in Estonia ."
neutral,The service also enables users to watch e-mails in HTML format en is enhanced with 23 addition languages to choose from .
neutral,The winner does not have to be present to win .
positive,Increased trust of our clients in YIT can be seen as apartment sales accelerated .
neutral,Finnish energy company Fortum has set itself new stricter target limits for short-term carbon dioxide emissions from its heat and electricity production .
neutral,"According to the Finnish-Russian Chamber of Commerce , all the major construction companies of Finland are operating in Russia ."
neutral,"Jensen , Njastein and Mike Critch , the head of Dovre North America business unit , will report to Toivola ."
neutral,"It is necessary to strengthen the company 's operations , however ."
neutral,`` I 'm not sure what 's happening .
neutral,"In stead of being based on a soft drink , as is usual , the Teho energy drink is made with fresh water ."
neutral,A meeting of Glisten shareholders to vote on the bid will be held on 12 March .
positive,This will bring cost savings of about EUR 3mn a year .
neutral,The company had net sales of EUR 19.8 mn and a pre-tax profit of EUR 1.8 mn in 2005 .
neutral,"Karachi , Sept. 14 -- Ixonos , a world leader in the development and integration of solutions for handheld devices , announced that it is implementing a touch screen mobile user interface solution for the Intel Atom processor Z6xx based smartphones ."
negative,"According to Finnish petrol station chain St1 's managing director Kim Wiio , the company was forced to make purchases with rising prices in the first half of 2008 , and now consumer prices are going down almost daily due to competition ."
negative,"Cash flow after investments amounted to EUR45m , down from EUR46m ."
positive,"Previously , the company had guided for EBIT and sales growth of 20 pct and 10 pct respectively for this year ."
negative,"Revenue for the quarter totaled 27.4 billion , down 2 percent from 28.1 billion in the fourth quarter in 2008 ."
neutral,"LONDON AFX - UK and European brokers ' recommendations issued today , as collated by AFX News from a range of market sources ."
positive,"Following the transaction , Lundbeck has worldwide rights for nalmefene , excluding North America , Mexico , Turkey and South-Korea ."
neutral,"Aug. 17 , 2010 ( Curbed delivered by Newstex ) -- And now , the latest from Racked , covering shopping and retail from the sidewalks up ."
positive,Also Lemmink+Æinen 's profit for accounting period went up to EUR 3.1 mn from EUR -24.5 mn a year ago .
neutral,Finnish logistics and information solutions provider Done Solutions Corporation ( OMX Helsinki : DSO1V ) reported on Wednesday ( 29 October ) an operating profit of EUR3 .6 m on net sales of EUR35 .1 m for the period January-September 2008 .
positive,Our standardised services have met with a positive reception among our customers as well as at Itella .
positive,`` NTC has a geographical presence that complements Ramirent 's existing network and brings us closer to our customers in the East Bohemia region in the CzechRepublic . ''
neutral,To raise consumer awareness and encourage people to recycle their old mobile devices Nokia runs regular recycling campaigns around the world .
neutral,"from BUSINESS LINE , May 16 , 2008 Sriperumbudur , May 15 - Nokia 's two key suppliers - Aspocomp and Wintek - are likely to start operations within three months in the Nokia Telecom Park at Sriperumbudur , 45 km west off Chennai ."
neutral,OP-Pohjola Group 's capital adequacy ratio under the Act on Credit Institutions stood at 12.1 % and Tier 1 ratio at 12.1 % .
neutral,He confirmed his view on July 6 .
positive,Strand Associates is expanding its Madison corporate headquarters with space to add about 100 employees to the engineering firm .
neutral,"Under the changes envisaged , HK Ruokatalo would reduce its number of industrial places of business in Finland from eight to six ."
neutral,Pentik+Æinen emphasises that the most of the internet contents media houses provide can not be free forever .
positive,"The Ministry of Water in Tanzania has awarded Poyry a water and sanitation engineering assignment for the rehabilitation and extension of water supply and sanitation infrastructure in Bukoba and Musoma , situated at Lake Victoria in northern Tanzania ."
negative,Operating profit excluding non-recurring items was EUR 7.8 million compared to EUR 11.2 million .
positive,"The stock is trading above both its MAPs and the 50-day MAP of SEK72 .983 is higher than the 200-day MAP of SEK70 .283 , a bullish indicator ."
neutral,"Headline of release dated March 26 , 2008 should read : Acacia Subsidiary Enters into Settlement Agreement for Rule Based Monitoring Technology with F-Secure ( sted Acacia Technologies Licenses Rule Based Monitoring Technology to F-Secure ) ."
positive,The price for logs has clearly improved from 2009 and also the price of pulpwood has gone up .
neutral,"In November , the Finnish government decreased its ownership in the company further to 31.1 percent from 38 percent ."
neutral,Connectivity Services include outsourced Scan and Capture which transfers paper invoices into electronic format and Basware Business Transactions Service enables the customer to receive and send invoices in an electronic format .
neutral,"Complete name of shareholder : Otto Henrik Bernhard Nyberg For further information , please contact Maija-Liisa Friman , CEO , tel. +358 9 7597 0711 ."
neutral,"Ahlstrom Corporation Anne Pirila Director , Financial communications Distribution : Helsinki Stock Exchange Main media Ahlstrom in brief Ahlstrom is a leader in the development , manufacture and marketing of high performance fiber-based materials ."
negative,The current reference grade instruments are challenging to operate due to their high price and complexity for routine use .
neutral,"Thus the group 's balance sheet will have about EUR25 .8 m in goodwill for 2010 , the company added ."
neutral,"The Economic Development and Trade Ministry and Industry and Energy Ministry , along with the Kostroma regional administration and the Russian Lumberman and Timber Exporters Union , has been carrying out work to acquire investment for the construction of a pulp and paper mill in Neya since 2003 ."
negative,"Lassila & Tikanoja 's operating profit excluding non-recurring and imputed items for the second quarter was EUR11 .3 m , down from EUR13 .8 m a year ago ."
neutral,This organization will assume the responsibility for operations in Russia .
negative,"26 October 2010 - Finnish environmental management company Lassila & Tikanoja Oyj ( HEL : LAT1V ) , or L&T , said today its net profit declined to EUR20 .9 m for the first nine months of 2010 from EUR27 .6 m for the same period a year earlier ."
neutral,"The building owner and developer , Sun Hung Kai Properties Group , is one of the largest property companies in Hong Kong , developing all types of premium residential and commercial projects for sale and investment ."
neutral,It is planned to set up the A class business center in the two top storeys of the complex .
neutral,"The deal , already approved by shareholders , will be carried out in the first half of 2011 ."
neutral,Aker Yards Finland will begin using Chinese subcontractors at its Finnish shipyards .
neutral,Incap Corporation Stock Exchange Release 4 May 2010 at 8.30 a.m. INCAP CORPORATION 'S DIRECTED SHARE ISSUE WAS SUBSCRIBED IN FULL The Board of Incap Corporation has approved the subscriptions of directed share issue .
neutral,"The firm is headquartered in Vantaa , southern Finland and has 16 employees ."
positive,"OUTOTEC OYJ PRESS RELEASE DECEMBER 4 , 2009 10.30 AM Outotec establishes a new subsidiary in Kolkata Outotec has established a subsidiary in India in order to better serve its Indian customers and to increase its business in the growing Indian market ."
positive,"Profitability ( EBIT % ) was 13.9 % , compared to 13.1 % in the previous-year period ."
positive,"Tallink claims the watertight doors of both Vana Tallinn and Regina Baltica , including their electrical systems , are fully in working order ."
positive,"As a result , the company currently anticipates net sales to increase and the operating result to be positive ."
neutral,BioTie North-American licensing partner Somaxon Pharmaceuticals started a phase II-III clinical study in patients suffering from pathological gambling and a pilot phase II study in nicotine addiction smoking cessation .
neutral,Ms Laakso will be responsible for HKScan 's HR functions and for their development in all of the Group ` smarket areas .
neutral,The Finnish company has also reached arrangements regarding the working hours and annual holidays .
neutral,"Cathay Forest 's strategy is to develop sustainable , regenerative forest assets ."
negative,"Finnish electronics manufacturing services EMS company Elcoteq SE posted a net loss of 66.4 mln euro $ 91.2 mln for the first half of 2007 , compared to a net profit of 7.1 mln euro $ 9.8 mln for the same period of 2006 ."
negative,The total capital of funds managed by the bank decreased by 28 % to EUR 284mn by the end of September 2008 .
positive,Demand was brisk as expected and order levels have remained high .
neutral,Approval by shareholders of Cencorp in accordance with Finnish law .
neutral,"The relocation of Ragot has already started and will be completed in the next few weeks , with the Waterqueen and Tortue moves planned for mid-2008 and VMC Europe during the third quarter of 2008 ."
neutral,The company had hoped the new plant would be on stream by the end of 2008 .
neutral,"In addition , nine fixed-term employment contracts will not be extended and two people will leave the company under pension arrangements ."
neutral,The investment would be some EUR5m .
negative,"Based on the first quarter result , existing order backlog and new order prospects , the company expects that full-year sales will contract by 25 % from 2008 , the gross margin will stay at a healthy level , and the operating profit margin will be lower than in 2008 due to lower sales volume ."
positive,"Handelsbanken ranked before Local Cooperative Banks and Aktia in customer loyalty this time too , however ."
neutral,The EUR 0.7 million non-recurring expenses have been recorded for the third quarter .
positive,"Both operating profit and net sales for the six-month period increased , respectively , from EUR13 .8 m and EUR143 .6 m , as compared to the corresponding period in 2007 ."
neutral,The platform would continue to be the development framework for Symbian and MeeGo .
neutral,Tielinja generated net sales of 7.5 mln euro $ 9.6 mln in 2005 .
neutral,"Panostaja owns a 68.77 pct of share capital and the voting rights of Suomen Helasto shares following an exchange of shares which was carried out on May 30 , 2007 ."
positive,"Following the acquisition , Relacom will strengthen its presence in Finland , serving operators and office market with mobile and fixed networks construction , installation and maintenance services ."
negative,"Operating profit totalled EUR 9.6 mn , down from EUR 42.0 mn the year before ."
neutral,"The company has the poser , who wants to impress people with the latest handset ."
negative,"- The Group 's sales during the period were EUR 37.5 million ( EUR 48.2 million , 1-9/2008 ) and result before taxes was a loss of EUR -3.5 ( +1.2 ) million ."
positive,Finnish-Swedish TietoEnator is expanding its business quickly in Russia .
negative,"The company 's profit totaled Ls 578,100 in H1 2007 , down 30.9 % year-on-year ."
positive,"Finnish pulp and paper machinery maker Vaahto Group Oyj swung to a 1.1 mln euro $ 1.4 mln net profit in the fiscal 2005-06 , ended August 31 , 2006 , from a 249,000 euro $ 319,000 net loss in the fiscal 2004-05 ."
neutral,"Outotec , headquartered in Espoo , Finland , is a leading provider of process solutions , technologies and services for the mining and metallurgical industries ."
neutral,"Steve Jackson , eBusiness Analyst at Satama and former CEO of Aboavista said : `` Google broke the mold when they gave away Google Analytics for free ."
positive,"Commission income increased by 22 % to EUR 4.4 mn , and lending volume rose by 13.5 % ."
neutral,"If needed , she provides also further information on ferry connections and hotels ."
neutral,"Tieto in Latvia is represented by IT services companies TietoEnator Alise and TietoEnator , which has operations in the industries of Financial Services Cards , Retail and Logistics and IT Outsourcing and Managed Services ."
neutral,"Ahlstrom Corporation Seppo Parvi , CFO Distribution : Main media www.ahlstrom.com Ahlstrom in brief Ahlstrom is a global leader in the development , manufacture and marketing of high performance nonwovens and specialty papers ."
positive,"Finnish Metso will supply new wood handling and bleaching lines , as well as a rebuild of the kraft liner washing line for Klabin 's Tel+maco Borba mill in the Brazilian state of Paran+è ."
positive,"Stora Enso R shares rose 1.20 pct to 11.84 eur , UPM-Kymmene was also dragged higher , rising 1.68 pct to 17.56 eur and M-Real B added 2.38 pct to 4.30 eur ."
neutral,"Motorola accounted for 11.5 percent of the South Korean handset market as of the end of April , Samsung held 55 percent and LG Electronics 19 percent , according to Korea-based ATLAS Research Group ."
neutral,Pharmaceutical market in Italy Global Research & Data Services published recently a market analysis about the pharmaceutical markets in Italy .
neutral,Kauko-Telko 's centralized administration will be dissolved and appropriate parts of it will be transferred to operating activities and Group administration by the end of the year .
neutral,Finnish Civil Aviation Administration decided to temporarily reopen Finnish capital 's Helsinki airport since 3 p.m. to 11 p.m. Monday local time .
positive,Lean System supports change management and component purchasing extremely well .
neutral,"Altona stated that the private company of Altona chairman Kevin Maloney , Tulla Resources , would take up its entitlement in full ."
positive,"Operating profit of Kauppalehti group rose to EUR 1.5 mn from EUR 1.3 mn , and that of Marketplaces to EUR 1.3 mn from EUR 1.0 mn in the third quarter of 2006 ."
positive,Metsaliitto said that it will book a minor gain of less than EUR1 .0 m from the transaction .
neutral,4 ) Complete name of the shareholder : Otto Henrik Bernhard Nyberg 5 ) Further information : The amount of shares now transferred corresponds to 5.68 % of the total number of shares in Aspo Plc. .
neutral,"Through the Nordic Exchange , OMX offers access to approximately 80 percent of the Nordic and Baltic securities market ."
neutral,Comptel Corporation will publish its financial statements for 2008 on 12 February 2009 .
positive,SCANIA Morgan Stanley lifted the share target on Swedish heavy-duty truck and bus maker Scania AB to 330 crowns ( $ 42.4 - 35.2 euro ) from 310 crowns ( $ 39.8 - 33.1 euro ) .
neutral,A. Le Coq had a market share of 41.3 percent and rival beverage group Saku 32.1 percent .
neutral,Teleste was set up in 1954 and is divided into Broadband Cable Networks and Video Networks business areas .
positive,The annual Thesis contest is aimed to enhance the thesis quality and to strengthen the thesis culture in polytechnics .
neutral,"In 2007 , the Group 's net sales stood at EUR 22 million and it had about 150 employees at the end of June , 2008 ."
negative,Market share decreased on the route between Helsinki in Finland and Tallinn in Estonia by 0.1 percentage points to 24.8 % .
positive,Alma Media expects its net sales to increase as forecast previously .
positive,Operating profit rose to EUR 4.7 mn from EUR 4.6 mn .
neutral,SSH Establishes New Global Sales and Marketing Group to be led by George Adams ; Adams Establishes Global Sales and Marketing Group to Drive Worldwide Programs Supporting SSH Tectia Enterprise Security Solutions
positive,"Profit after taxes for the period was up to EUR0 .9 m , from EUR0 .01 m last year ."
neutral,"Today , we are connecting people in new and different ways - fusing advanced mobile technology with personalized services to enable people to stay close to what matters to them ."
neutral,The terms and conditions of the Stock Option Scheme 2008 are available on the Company 's internet pages www.sanoma.com .
positive,`` The trend in the sports and leisure markets was favorable in the first months of the year .
neutral,It will use the proceeds from the transaction to achieve its target .
neutral,"Target company : Tieto Corporation , Business Identity Code : 0101138-5 Date of change in holding : 22 January 2010 Portion of the shares and votes : The current group holding of OP-Pohjola Group Central Cooperative ( OPK ) is 2982 587 shares , which represents 4.14 % of the shares and voting rights ."
neutral,"M-Real said there are ` no grounds ' for the rumors , which ` have been circulating in the market for some months . '"
neutral,Odell has not contacted the State of Finland in this issue .
positive,The fund at fair value will increase correspondingly .
neutral,"The reason for this is St. Petersburg status as a capital , one of the participants in the meeting quoted Chikunov as saying ."
neutral,"Compared with the FTSE 100 index , which rose 51.5 points ( or 0.9 % ) on the day , this was a relative price change of -0.6 % ."
neutral,"Auburn 's sales in 2007 were CAD 41 million ( approximately EUR 27 million ) , and the company employs some 150 people ."
negative,"At 1411 CET , ArcelorMittal had lost 7.26 % to EUR 17.38 on Euronext Paris , coming at the lead of the blue-chip fallers ."
neutral,"ITG 's share in the deal is estimated at some 500,000 euro $ 627,000 ."
positive,Last year 's net sales rose to EUR 68.3 million from EUR 62.2 million .
neutral,"The Process Products orders are for the installation of separation-filtration equipment at three natural gas pipeline projects in China , South America , and Saudi Arabia ."
positive,"Wartsila won the contract in October 2007 and the plant will be installed at Manturovo in the Kostroma region of Russia , about 600 km northeast of Moscow , Russia ."
neutral,"Maggie Ramsey 's wait - and those of thousands of Oregon and Washington guides , anglers and others who flock to his frequent seminars - is nearly over ."
neutral,"Nokia Siemens Networks provides mobile and fixed network infrastructure , communications and networks service platforms , as well as professional services , to operators and service providers ."
neutral,"A downloadable instruction sheet , instructional video , and project ideas for the award-winning Everywhere Punch TM Window System can be found at www.fiskars.com ."
negative,"`` The implementation of these programs has had , and will have , negative impacts on 2006 and 2007 earnings , '' Mr Meiklejohn said ."
neutral,After that the two companies sat down and sewed up the present deal .
negative,"Jan. 6 -- Ford is struggling in the face of slowing truck and SUV sales and a surfeit of up-to-date , gotta-have cars ."
positive,"firm 28 October 2009 - Finnish lifting equipment maker Konecranes Oyj HEL : KCR1V said today it acquired US Machine Tool Solutions Unlimited in Cincinnati , Ohio , for an undisclosed sum ."
neutral,Karppinen expects the consolidation trend to continue in the Finnish market .
neutral,"In the video above Marimekko 's design manager , Noora Niiininoski , explains that the brands are a natural fit for each other because they both have a timeless style ."
neutral,Grounds for the notification : Tiimari Plc 12/30/2010 issued Capital Convertible Loan allocation decision by the Board on 01/31/2011 .
negative,Benefon 's target is to lay off temporarily of permanently up to 20 % of the Salo plant 's staff .
neutral,"An  of the invention , released by the Patent Office , said : `` A non-coherent search matrix is formed of said correlation function matrix ."
positive,"HELSINKI AFX - KCI Konecranes said it has raised its stake in MMH Holdings Inc , the owner of US-based Morris Materials Handling , to 90.9 pct from 74.5 pct ."
positive,"Finnish Sampo Bank , of Danish Danske Bank group , reports profit before taxes of EUR 152.3 mn in 2010 , up from EUR 32.7 mn in 2009 ."
neutral,"The Annual Report contains the financial statements , the consolidated financial statements , the report by the Board of Directors and the auditor 's report ."
neutral,The company expects net sales of 65 mln euro ( $ 85.1 mln ) for 2006 .
positive,HELSINKI AFX - Outokumpu said its technology unit has won a 28 mln eur contract from Bosnia-Herzegovina 's Aluminij dd Mostar to upgrade an anode plant .
neutral,"The company reported net sales of EUR550m in 2005 and had some 3,200 employees ."
neutral,It helps our stakeholders get a better understanding of our operations and the challenges in stainless steel business .
positive,Finnish fibers and plastic products maker Suominen Corporation said its net loss from continuing operations narrowed to 1.8 mln euro ( $ 2.3 mln ) in 2006 from 3.7 mln euro ( $ 4.8 mln ) in 2005 .
neutral,"A replay will be available until 27 October 2006 in the following numbers : US callers : +1 617-£801-£6888 , non-US callers : +44 20 7365 8427 , access code : 2659 5401 ."
neutral,Oriola-KD is a spin-off of Finnish pharmaceutical group Orion Oyj 's wholesale division .
positive,"Earnings per share for January-June 2010 were EUR0 .30 , an increase of 20 % year-on-year EUR0 .25 ."
neutral,Neste Oil Corporation Refining Operation Asset Summary Report Summary Neste Oil Corporation Refining Operation Assets Summary Report is an essential source for company data and information .
positive,"Sales in Latin America increased by 42 % to EUR 432mn , and a total of 8.7 mn mobile devices were sold in the area , representing an increase of 32 % from the corresponding period in 2009 ."
neutral,"A coker crane will be supplied to Tesoro Corporation 's Golden Eagle Refinery in Martinez , California , while a similar crane will be delivered to BP 's Castell refinery in Spain ."
neutral,The order was valued at USD12 .2 m.
neutral,The value of the order is EUR 2.5 mn .
neutral,`` Our Vaalipalvelu-service was especially developed for use by communities and organizations .
neutral,The total investment in 2006 and 2007 is expected to amount to about EUR75m .
neutral,The financial details of the acquisition were not disclosed .
neutral,"The company 's board of directors will propose a dividend of EUR 0.95 per share for 2008 at the annual general meeting , scheduled to be held on March 23 , 2009 ."
negative,The move was triggered by weak demand for forestry equipment and the uncertain market situation .
neutral,These share transactions are part of the company 's strategy of relinquishing assets that are not part of its core business .
neutral,"Berling Capital , Umo Capital and Veikko Laine are the biggest shareholders in Amanda Capital ."
neutral,"The operator is one of 6 operators to have been granted a WiMAX license in Taiwan , and hopes to be the first to launch commercial services in early 2009 ."
neutral,"The order consists of outsourced application management , support and planning for Tecnotree and third-party applications ."
neutral,"The decision reflects the underutilisation of the line , which produces nonwovens used in medical and wipes applications as well as for the automotive industry ."
positive,Airvana 's UMTS Home Base Station femto cell uses software-based functionality and off-the-shelf silicon to accelerate feature development and reduce product cost .
neutral,"Construction work on the Helsinki Music Centre is to start this autumn , with the total cost of the project estimated at 140 million euros ."
neutral,"For 2009 , Incap expects revenue of some EUR 70 million ."
neutral,"TVO 's two-unit 1,740 MW Olkiluoto plant generated 14.2 TWh with an operating ratio across both reactors of 93.5 % , which the company described as `` high by international standards '' ."
neutral,"The first phase of the logistics complex envisages the completion of some 70,000 sq m of logistics premises and the gatehouse building in November 2008 ."
positive,"In the fourth quarter of 2008 , net sales increased by 2 % to EUR 1,050.7 mn from EUR 1,027.0 mn in the fourth quarter of 2007 ."
neutral,"When dialing in , the participants should quote 877417 as conference ID ."
positive,"Net sales totaled EUR 93.6 mn , up from EUR 93.2 mn in the corresponding period in 2005 ."
neutral,The revenues of the business reached NOK 12 million for 2008 .
neutral,"The NTSB said investigators are set to conduct sight distance tests on July 18 , using trains similar to those involved in the accident ."
neutral,The EA Reng group posted sales of approximately 84 million kroons for 2007 .
positive,"Comptel , a vendor of dynamic Operations Support System ( OSS ) software , has been selected by Orascom Telecom ( OTH ) as partner for provisioning and activation solutions for mobile services ."
positive,President and CEO Mika Vehvil+Æinen says the positive signs are first and foremost emerging outside Finland .
neutral,"Cencorp would focus on the development , manufacture and marketing of standard products for production automation ."
neutral,"We serve a broad range of customers , including construction and process industries , shipyards , the public sector and households ."
neutral,"Sullivan said some of the boards `` really involve a lot of work , and people should get paid for their time . ''"
negative,Sales of mid-strength beer decreased by 40 % .
positive,Kaupthing forecasts a significant price increase for printing paper in 2007 .
positive,Operating profit rose to EUR 13.5 mn from EUR 9.7 mn in the corresponding period in 2006 .
neutral,The deliveries started in April 2006 and will be completed in 2007 .
neutral,The merger between the two telecoms operators was expected to result in the world 's fourth largest telecoms operator .
neutral,The shares carry a right to dividend and other shareholder rights as from their registration with the Finnish Trade Register .
neutral,"Global Markets Direct 's Pohjola Bank plc - Financial Analysis Review is an in-depth business , financial analysis of Pohjola Bank plc. ."
neutral,"Before Kemira 's installation NordAlu was producing 3,500 tons of liquid and solid aluminum waste per year ."
negative,The maritime administration said the ships had ignored warnings about the icy conditions .
neutral,`` Marimekko operates in an industry in which changes in the business climate are reflected in consumer demand .
negative,Nokia will certainly disagree with Qualcomm 's views on the patent situation .
positive,"`` BasWare 's product sales grew strongly in the financial period , by 24 percent ."
neutral,"The Annual Report will be sent automatically to shareholders holding at least 2,000 Sampo plc shares ."
neutral,"Sarantel , based in Wellingborough , UK , designs high-performance antennas for portable wireless devices ."
neutral,"Established in 1987 , the SRV Group is a private Finnish construction concern with operations in Finland , the Baltic countries and Russia ."
positive,"The company 's order book stood at 1.5 bln euro $ 2.2 bln on September 30 , 2007 , up by 24.2 pct on the year , with international orders amounting to 365 mln euro $ 534.3 mln ."
positive,Finnish department store chain Stockmann Oyj Abp net profit rose to 39.8 mln euro ( $ 56.8 mln ) for the first nine months of 2007 from 37.4 mln euro ( $ 53.4 mln ) for the same period of 2006 .
neutral,`` Marimekko aims to expand its distribution network primarily by increasing the number of concept stores and shop-in-shops .
neutral,"AGJ recorded EUR 43 mln sales in 2006 , most of which was generated by exports to customers in Western Europe , the statement said ."
negative,"When the web user clicks on the link contained in the mail , he finds himself on a bogus site that imitates that of his bank , and which retrieves his personal banking data ."
neutral,Another noticeable thing is that the search for Tata and Airtel brands was mostly related to ` broadband connections ' .
neutral,"According to product manager Lassi Hietanen , building a power plant that burns mixed waste in Helsinki may not be a good idea because this reduces the production of combined power plants using natural gas ."
neutral,"The cost of the deal could range from 70 million to 90 million euros depending on the financial results of the two companies in 2008 , the statement says ."
neutral,The ECB can mainly target inflation .
neutral,"Los Angeles-based Pacific Office Properties Trust acquires , owns , and operates office properties in the western U.S. , focusing initially on the markets of Honolulu , San Diego , Los Angeles , and Phoenix ."
negative,F-Secure also point out the logical weakness in the sequenced numbers of a card approach that has apparently already been utilised .
neutral,It also has potential clients in the growing environmental and recycling technology sectors .
neutral,"The most significant capital expenditure items were in the global enterprise resource planning ERP project , product development and production machines ."
positive,"The company is now intensifying its smelter operations and increasing its annual production capacity to 230,000 tonnes of copper ."
neutral,"The Bank of Tokyo-Mitsubishi UFJ , Ltd acted as agent for the loan ."
neutral,"Back then , Tikkurila 's former owner , Finnish chemicals company Kemira Oyj HEL : KRA1V , distributed an 86 % stake to Kemira shareholders to facilitate the divestment and listing of Tikkurila ."
positive,"According to Finnish Metso Minerals , the value of the company 's orders has gone up to EUR 1.9 bn in 12 months ."
negative,The airline 's share price closed down slightly at (  x20ac ) 12.51 ( $ 15US .74 ) in Helsinki .
negative,in Finland Finnish pharmaceutical company Orion Corporation OMX Helsinki : ORNAV said on Wednesday 7 January that it has concluded its personnel negotiations in Finland and will reduce the number of personnel by 205 .
positive,Precedex is approved for IV sedation of initially intubated and mechanically ventilated patients in intensive care .
neutral,These module products will be available for trials during 3Q-07 and for volume deliveries during 4Q-07 .
neutral,Juha Haapakoski will continue as Editor-in-Chief with budget responsibility also with the new publisher .
neutral,"M-real generated a turnover of EUR5 .6 bn in 2006 and has 15,500 employees ."
positive,"So far , Mr. Galvan he has been able to avoid laying off workers ."
neutral,"Nonwovens and specialty papers , made by Ahlstrom , are used in a large variety of everyday products , e.g. in filters , wipes , flooring , labels , and tapes ."
positive,An individual promotion also generated slightly higher-than-expected revenues .
positive,"Jarmo Honkamaa , head of the oil refining business at Neste Oil , says the situation looks promising from their viewpoint ."
neutral,"On January 29 , 2009 The largest Nordic bank Nordea and Finnish retail chain Stockmann launched a regionally unique cooperation project : they are the first to introduce a common MasterCard credit card enabling payments in different states and stores ."
neutral,"ABOUT MIDNIGHTTRADER : MidnightTrader is the premier source of extended-hours US equity trading analysis , news and forecasting for the retail and institutional investment community ."
neutral,"The mill will have capacity to produce 500,000 tonnes of pulp per year ."
positive,With the new production plant the company would increase its capacity to meet the expected increase in demand and would improve the use of raw materials and therefore increase the production profitability .
neutral,The shops are located in the capital region and the Paijat-Hame region .
neutral,They will be sunk to a depth of some 360-380 metres and fixed to the bottom mud by vacuum .
neutral,"The company intends to launch housing development at the acquired land plots and to construct 50,000-60 ,000 square metres of housing per annum by 2011 ."
negative,Metso estimates the need for personnel reductions to amount to 25 people .
negative,The low capacity utilisation rate in steel production considerably increases the fixed costs per unit of steel produced .
positive,"Via the takeover , Panostaja further expands its business area specialising in digital printing , which since previously consists of the subsidiaries Kopijyva Oy and Sokonet Oy ."
neutral,"The Tekla Structures product box , if needed , is now made from recycled material ."
neutral,"The sale , comprising the margarine business in Finland and Poland , follows the approval of the Polish competition authorities earlier in October ."
neutral,Performance is based on values and sustainability .
neutral,Autotank Group is part of Aspo 's Systems Division .
neutral,Almost two thirds of Olvi 's net sales come from outside Finland .
neutral,"The company will use the money for product development and research activities through 2013 in its key markets Finland , Germany , Italy and France ."
neutral,"The other two sellers were the Finnish National Fund for R&D ( Sitra ) and Oras Invest Oy , which also sold half of their shareholdings , leaving them with 3.8 pct and 3.2 pct of the company respectively ."
negative,The number of bodily injury cases quadrupled in 2000-2006 .
neutral,The Diameter Protocol is developed according to the standards IETF RFC 3588 and IETF RFC 3539 .
positive,"`` Last year , Finnair recorded a 32.6-percent growth on the Asian sector , carrying more than 1.10 million passengers between the two continents . ''"
positive,"` The stable outlook reflects Nokia 's strong market position in the global mobile handset market , strong cash flow generation , and very conservative balance sheet , ' said Raab ."
negative,"Cerberus Capital Management LP-backed printing paper maker NewPage Corp. has posted mixed second-quarter results , casting a cloud over its planned initial public offering ."
positive,Finnish software developer Done Solutions Oyj said its net profit increased to 3.5 mln euro ( $ 4.6 mln ) in 2006 from 2.3 mln euro ( $ 3.0 mln ) in 2005 .
positive,"` This is a repeat order to follow successfully installed 159 elevators in the same Delhi metro system , ' Kone spokeswoman told Thomson Financial News ."
positive,"Sales VAT inclusive expanded by 19 percent , to 351 million euros ."
positive,- Operating profit rose by 26.9 % to EUR 105.8 ( 83.4 ) million .
neutral,"Most of the growth in beer consumption took place in the Far East , Latin America and Africa ."
neutral,"Harold W. Young is an independent broker working closely with several retailers including Ahold USA , Market Basket , CVS , BJ 's Wholesale Club , Hannaford and Cumberland Farms ."
positive,"Earnings per share EPS amounted to EUR0 .03 , up from the loss of EUR0 .08 ."
neutral,"In addition , YIT has reserved EPI Russia the right to expand the logistics center by about 100,000 m2 ."
neutral,"Later on , about 150 Finnish-made houses will be build in the area ."
neutral,The continued operations mean the structure after the restructuring of the Aspocomp group including Aspocomp Oulu and the headquarter operations .
neutral,Rihko said the sale will enable the company to concentrate on its grain-based business .
positive,"Of the price , Kesko 's share is 10 mln euro $ 15.5 mln and it will recognize a gain of 4.0 mln euro $ 6.2 mln on the disposal which will be included in the result for the second quarter of 2008 ."
neutral,"Last year , the firm also acquired Realprojekti Oy , a real estate development company , to advise CapMan on its property activities ."
neutral,Deliveries will start in the second half of 2007 and the start-up of the mill is scheduled for 2008 .
positive,The acquisition will have an immediate positive impact on Aspocomp 's financial result .
neutral,In 2007 Etteplan reported a turnover of EUR125 .2 m.
negative,Finnish communication electronics components supplier Scanfil Oyj Tuesday said sales in the first half of 2006 will be 15 % lower than during the same period a year ago .
neutral,"Altogether CapMan employs approximately 150 people in Helsinki , Stockholm , Copenhagen , Oslo , Moscow and Luxembourg ."
neutral,"Founded in 1946 , Strand Associates , which provides civil , environmental , transportation , electrical and mechanical engineering services , has 350 employees at 10 offices in Wisconsin , Alabama , Illinois , Indiana , Kentucky and Ohio ."
neutral,"In addition , the Kazakh delegation will visit Finland 's SITRA investment fund , Honkarakenne Ltd and Nokia headquarters to study TeliaSonera Ltd JSC 's activities ."
positive,"Bilfinger investors cheered the agreement , pushing shares up 7 % , or & euro ; 3.30 , to & euro ; 50.29 , in afternoon trade ."
neutral,The order is included in Metso 's fourth quarter 2007 order backlog .
neutral,"The third quarter result also includes a 400,000 euro ( $ 575,000 ) provision for down-sizing of lure manufacturing in Ireland ."
neutral,Uponor maintains its full-year guidance for 2010 .
neutral,"The firm 's UK head office is in Rugby Road , Lutterworth ."
neutral,Pohjola will act as the manager of the issue and the bond will be listed on NASDAQ OMX Helsinki Ltd. .
negative,"`` Small firms are suffering at the moment because they are likely to have money trouble , '' he added ."
neutral,"CompaniesandMarkets.com provides a wide range of research reports , industry statistics and competitive intelligence on the industrial sector ."
neutral,All rights reserved .
negative,"The pulp production in Finnish Kemij+Ærvi will also be liquidated and about 1,100 employees loose their jobs ."
neutral,Another problem is cola-flavoured long drinks .
positive,"Finnish forest machinery and equipment maker Ponsse Oyj said on October 5 , 2007 it will deliver a total of 67 cut-to-length method forest machines and 44 harvester heads to Brazilian paper maker Bahia Pulp and to unnamed Uruguayan wood harvesting contractors ."
neutral,"`` We have become convinced that we can do that very quickly , '' he told Finnish business reporters ."
neutral,"As much biomass will be used as can be sourced locally , with the rest of the plant 's fuel needs met by peat ."
negative,"In addition , the production at the Varpaisj+_ rvi factory will be stopped at the beginning of April 2009 ."
neutral,"GeoSentric 's flagship product is the GyPSii platform , which uses pioneering geo-location software technology to connect people to people , and people to places with new and exciting social community and location-specific services ."
neutral,"Regulatory News : The Nomination Committee of Cybercom ( STO : CYBE ) , which is unanimous in its proposal , proposes the election of Jon Risfelt as the new Chairman of the Board ."
neutral,Altimo previously agreed a similar deal with Telenor to merge their stakes in VimpelCom and Kyivstar-GSM .
neutral,"The buyer is real estate owner Propertos Oy , but the companies have agreed not to disclose financial details of the deal ."
neutral,"According to the report , Elisa 's and DNA 's joint market share of Finland 's telecom market is 59 % ."
neutral,"The plant is scheduled for completion in late February 2007 with hand over of some areas in January Two other suppliers of Nokia - Aspocomp Group Oyj and Perlos - have announced their plans to establish plants within the Nokia complex Together , they will invest Rs 365 crore ."
neutral,"MeeGo `` learns as you use it , '' Fisher said , putting the most important things up top ."
neutral,"In the Baltics , the merger of the businesses of the two is expected to be completed in early 2008 ."
neutral,"In addition to the Tulikivi Corporation , he is also currently a member of the Board of the following companies : Altia Corporation , J+Ærvi-Suomen Portti Osuuskunta , Osuuskunta KPY , Profile Vehicles Oy and Voimatel Oy ."
positive,Hearst will be able to consolidate about 20 % of all Russian market for advertising in press after the purchase .
positive,"Uponor made an operating profit of EUR 151.0 mn , up from EUR 143.7 mn , which made 2007 a record year ."
neutral,The Financial Statements and Interim Reports will be released around at 9.00 a.m. ( Finnish time ) on the given dates .
positive,"The fair value of the investment properties totaled EUR 2,534.9 mn , up from EUR 2,455.1 mn in 2006 ."
positive,`` The purchase of the operations is part of YIT 's strategy to expand its offering of building system services geographically . ''
positive,"To ensure low operational cost for radio networks , the BTS modules can be configured , software upgraded and diagnosed remotely ."
positive,"A purchase agreement for 7,200 tons of gasoline with delivery at the Hamina terminal , Finland , was signed with Neste Oil OYj at the average Platts index for this September plus eight US dollars per month ."
positive,"Efore 's presence here also opens up new and interesting development opportunities for our students , '' the dean of the Faculty of Electronics , Communications and Automation at TKK said ."
positive,28 October 2010 - Finnish wood products technology supplier Raute Oyj HEL : RUTAV said today it swung to a net profit of EUR3m for the first nine months of 2010 versus a net loss of EUR5 .2 m for the same period a year earlier .
negative,"The total headcount reduction will be 50 persons , the company said ."
neutral,Finnish stainless steel manufacturer Outokumpu in Degefors is planning to recruit new engineers in order to meet a retirement wave over the next few years .
neutral,"In the Czech Republic , the profiling unit at Ostrava will be closed and the machinery will be relocated to Ruukki 's bigger plants in Hungary , Poland and Romania by the end of the first quarter of 2009 ."
neutral,"`` These patronage refunds reward members that use the fee-based services that make a positive contribution to CenCorp 's operating results , '' said Bill Walby , CenCorp CEO ."
positive,"Furthermore , efficiency improvement measures initiated earlier are now bearing fruit , '' CEO Jan Lang said ."
neutral,"Presentation materials will be posted on the company 's website : www.seahawkdrilling.com in the `` Investor Relations '' section , on the `` Webcast & Presentations '' tab ."
neutral,"They can be used to control the speed of electric motors used by industry and municipal engineering , and in power generation using renewable energy ."
negative,"In the Baltic countries , development of operations and reorganisation continued , and non-recurring items related to the takeover process lowered earnings ."
positive,The Department Store Division reported an increase in sales of 4 per cent .
positive,This new partnership agreement represents a significant milestone for both parties .
neutral,Okmetic Board of Directors has also decided on a new share ownership program directed to the company 's top management .
neutral,The acquisition price was not disclosed .
positive,`` Ixonos has a rich heritage in developing leadership experiences in the smartphone segment .
negative,Revenue in the quarter fell 8 percent to ( EURO ) 2.4 billion compared to a year earlier .
positive,The fair value of the company 's investment properties grew to EUR 2.803 billion at the end of March 2009 from EUR 2.691 million a year ago .
neutral,The Extraordinary General Meeting is expected to take place no later than 18 February 2011 .
positive,"Technopolis and the St. Petersburg government signed a cooperation memorandum in October 2005 to set up a techno-park in the Neudorf production zone in the village of Strelny , in the St. Petersburg suburbs ."
neutral,The construction project is scheduled to start in the second quarter of 2009 and the new building is scheduled to be in place by the end of 2010 .
negative,"As a result of the negotiations , the amount of employment contracts to be terminated is 13 ."
neutral,"Country : , Finland Sector : Construction-Real Estate Target : Pohjolan Design-Talo Oy Buyer : CapMan Oyj Vendor : Ruukki Group Oyj Deal size in USD : 102.6 m Type : Divestment Status : Agreed"
neutral,"Citigroup , Inc NYSE : C , Deutsche Bank NYSE : DB and Pohjola Bank are lead managers for the sale ."
neutral,"As with other stakeholders , COMPTEL has been involved in the workshops , meetings and filed comments on the issues of greatest importance to the competitive sector of our industry ."
positive,"MD Henning Bahr of Stockmann Gruppen praises the trend , since the chains become stronger and their decision-making processes more clear ."
negative,Profit before taxes decreased to EUR 31.6 mn from EUR 50.0 mn the year before .
neutral,`` Ruukki is now included on DJSI World for the second year running and the European DJSI STOXX for the third year running .
neutral,4 February 2011 - Finnish privacy and security software developer Tectia Oyj ( HEL : TEC1V ) said Wednesday it has set up two strategic business units - managed security and mobile authentication .
neutral,No changes regarding the Virala Oy Ab s ownership of shares of Tiimari has taken place .
neutral,1 April 2011 - Finnish machinery rental company Ramirent Oyj HEL : RMR1V said today it has acquired the assets of sector player Stavebni Doprava a Mechanizace SDM in the Czech Republic for an undisclosed sum .
neutral,"The permanent magnet generators and power converters are today the preferred solution in new wind turbine designs , the company said ."
neutral,Technopolis said before the protocol was signed that the techno-park would be built at a site covering more than six hectares in the Neudorf special economic zone and that it planned to invest 200 million euros in the project until 2009 inclusive .
neutral,"Equipment will be manufactured in Vaahto 's workshop in Hollola , Finland and is scheduled for shipments during the first quarter of 2009 ."
neutral,"The maximum obligated total trades per day is ISK 400,000,000 market value ."
neutral,"Honka 's subsidiaries in France and Germany will also benefit by , for example , arranging customer events in conjunction with World Cup skiing competitions ."
neutral,"Alma Media Corporation PRESS RELEASE March 25 , 2010 TYRV+_+_N SANOMAT PURCHASE CONFIRMED The business operations of Tyrv+Æ+Æn Sanomat Oy will be transferred to Suomen Paikallissanomat Oy ."
neutral,"The total donation amount is EUR 1,115,000 ."
neutral,"The order includes a steel frame , load-bearing roof structures and partition wall elements , and Rautaruukki said it expects to complete installation as early as May next year ."
negative,Pretax loss totaled EUR 117mn compared to a loss of EUR 65mn in the corresponding period .
positive,"Thus the method will cut working costs , and will fasten the planning and building processes ."
neutral,"The Daily Graphic newspaper , in October , reported an initiative being embarked upon by the Fidelity Bank to partner Ghana Post , which has offices across the country , to offer financial services to the unbanked and under-banked in the country ."
neutral,Rautaruukki aims to find work from the group 's other locations for those who have been made redundant .
negative,`` Capital expenditure on energy efficiency has unfortunately fallen along with the decline in the economy .
positive,"The six breweries recorded a 5.2 percent growth in domestic beer sales last year to 270.21 million liters , from 256.88 million liters sold in 2005 ."
neutral,This amount will not be included in the pensionable salary .
positive,"Excluding non-recurring items , pre-tax profit surged 45 % to EUR80m ."
positive,"ADP News - Nov 13 , 2008 - Finnish printed circuit board PCB maker Aspocomp Group Oyj OMX : ACG1V said today that its net loss narrowed to EUR 2 million USD 2.5 m in the first nine months of 2008 from EUR 57"
positive,"In the second quarter of 2010 , the group 's net profit rose to EUR 3.1 million from EUR 2.5 million in April-June 2009 ."
negative,"In the Baltic countries , sales fell by 40.2 % , and in Russia , by 23.2 % in terms of euros , and by 10.7 % in terms of local currency ."
positive,Through this transaction we are able to participate in developing the industry .
neutral,"It would be premature to talk about dates , volume and the investment procedure , '' he said ."
negative,"- Demand for fireplace products was lower than expected , especially in Germany ."
positive,"`` UPM 's deliveries increased during the third quarter by 4 percent , and the efficiency of operations improved , '' Chief Executive Jussi Pesonen said ."
neutral,"The total number of voting rights is 74,612,523 ."
positive,"In September 2010 , the Finnish group agreed to buy Danish company Rose Poultry A-S for up to EUR23 .9 m in a combination of cash and stock ."
neutral,The value of the deal is estimated at between SEK25m and SEK50m .
positive,"`` The margarine business has been put into good shape in the last two years , making it a natural addition to Bunge , which is looking to leverage its position in the Central and Northern European markets , '' Raisio CEO Matti Rihko said in a statement ."
neutral,"The offer price is $ 35 million , including cash of $ 10 million as net debt assumption of FACE , and $ 20 million worth of Cencorp shares to be issued to Savcor ."
negative,Operating loss amounted to EUR 0.7 mn compared to a profit of EUR 0.8 mn in the second quarter of 2005 .
negative,"Operating loss totalled EUR 3.2 mn , compared to a profit of EUR 7.2 mn in the third quarter of 2008 ."
negative,"According to Arokarhu , some of the purchases that had been scanned into the cash register computer disappeared when the total sum key was pressed ."
positive,"Vaisala also said it expects net sales of EUR 253.2 million for 2010 , compared with EUR 252.2 million recorded in 2009 ."
negative,Finnish M-real 's Kyro mill is starting negotiations to cut staff .
positive,Rautaruukki said construction group YIT has awarded it a 2.5 mln eur contract to supply the steel structures for a new bridge spanning the Kemijoki river in Northern Finland .
neutral,Marimekko is considering further measures in the matter .
positive,The company will also be compensated for acting as a reserve batch plant .
neutral,Arena Partners Oy is a development company for electronic business .
neutral,"Financial , strategic and operational factors are considered ."
neutral,The front surfaces of these valve plates are directed towards each other .
positive,Under this agreement Biohit becomes a focus supplier of pipettors and disposable pipettor tips to VWR customers throughout Europe .
neutral,The combined value of the orders is EUR 45mn .
positive,"Citigroup , Inc ( NYSE : C ) has announced that its Global Transaction Services ( GTS ) business has been awarded a new mandate by Finland-based Pohjola Bank Group ."
positive,"The Vaisala Group is a successful international technology company that develops , manufactures and markets electronic measurement systems and products ."
positive,UPM-Kymmene is working closely with its shipping agents to reduce fuel consumption and greenhouse gas emissions .
neutral,We are pleased to invite you to join M-real 's international conference call at 3:00 p.m. EET .
neutral,Related links : Flexiblebaseloadoperation TheWartsila32generating set Gasconversions This is the shorter of two versions of this press release .
neutral,"With this subscription , Fortum 's ownership in TGK-10 has increased to slightly over 76 % of shares and voting rights ."
positive,"In the third quarter , net sales increased by 12 % year-on-year to EUR 159.5 million , or by 6 % at comparable currency rates growth ."
negative,Pretax profit totaled EUR 4.9 mn compared to EUR 5.2 mn in the first quarter of 2005 .
positive,"Favourable currency rates also contributed to higher net sales , '' CEO Kari Kauniskangas said ."
positive,"The company 's net profit amounted to EE 55.5 mn , which was 36 % more than in 2004 ."
neutral,"During the past 10 years the factory has produced many of Nokia 's most popular models including the Nokia 2760 , the Nokia 6300 as well as Nokia 's latest music device the Nokia 5800 Express Music ."
neutral,"Based in Helsinki , Finland , Ramirent has branches in 13 Nordic , central and Eastern European countries ."
positive,`` We are proud to contribute to the creation of a world-class airport facility with KONE 's innovative People Flow TM solutions .
negative,UPM stock fell 3 percent to EURO 12.49 $ 17.24 in early afternoon trading in Helsinki .
neutral,"According to Saarioinen 's Managing Director Ilkka M+Ækel+Æ , the food industry sector has a significant excess of production machinery ."
positive,Through the acquisition Solteq will expand its solutions offering by Microsoft 's Dynamics business software products .
neutral,"On the following workday customers can check from their home computers how their purchases are divided between different ingredient groups , how much energy various products contain and what is the nutritional content of all purchases ."
neutral,The manufacturing will begin in Pietarsaari in the beginning of the year 2009 and the delivery will take place in October 2009 .
positive,"Ruukki Romania , the local arm of Finnish metal producer Ruukki , increased its capital by 900,000 euro ( $ 1.14 mln ) through cash contribution , it was reported on September 19 , 2006 ."
neutral,"The portfolio comprises of 118,000 m2 of leasable space with a vacancy rate of roughly 5 % , let to around 140 tenants of which two of the largest are the Swedish government and Ericsson ."
neutral,Net profit in the same period in 2006 was (  x20ac ) 172 million .
negative,Prices and delivery volumes of broadband products decreased significantly in 2005 .
neutral,"The acquired plant has an annual capacity of some 300,000 tonnes and most of its production is sold to domestic customers ."
positive,"For Teleste , the acquisition marks an entry into services business in a market where it has long been an established and significant supplier of products ."
positive,"Kesko Agro Lietuva , the agricultural machinery and grain trader and another member of the Kesko Group , boosted its sales by 42.9 percent to 13.4 million euros , VAT inclusive ."
neutral,The percentages of shares and voting rights have been calculated in proportion to the total number of shares registered with the Trade Register and the total number of voting rights related to them .
neutral,Elcoteq 's revenues in 2007 were approximately EUR 120 million .
neutral,"The contract traded at an all-time high of $ 50,200 a ton on April 24 ."
neutral,"Glaston 's well-known brands are Bavelloni , in pre-processing machines and tools , Tamglass and Uniglass in safety glass machines and Albat + Wirsam in software solutions ."
positive,"Via the move , the company aims annual savings of some EUR3m , the main part of which are expected to be realized this year ."
neutral,"Key reasons to read this report : - Report contains only relevant information , leaving out excessive data ."
neutral,"Panostaja treats its negotiating partners , such as entrepreneurs selling their life s work and newcomer entrepreneurs seeking a career , fairly , justly and according to the law ."
neutral,"Koff 's market share of the volume of the market was 23.4 % , Karhu 's 21.4 % ."
positive,"The airline has ordered nine Airbus A350-900 aircraft with deliveries from 2011 , and in doing so becomes the lead airline for the latest variant of Rolls-Royce Trent series engines , called the 1700 ."
neutral,The bridge will be 1.2 km long and is located between Anasmotet by the road E20 and the new traffic junction in Marieholm by the road E45 .
neutral,"S&P has kept its `` sell '' rating , while Nordea and UBS have reaffirmed their `` buy '' recommendations ."
positive,"Sales for both the Department Store Division and Hobby Hall increased by 7 % , while sales for the clothing store subsidiary Seppala decreased by 4 % ."
negative,"`` Adjustment to the fall in price level , in contrast , has been less effective ."
positive,"Estonian telecoms company Elisa 's customer numbers cross 400,000 TALLINN , Oct 22 , BNS - The Estonian telecommunications company Elisa won approximately 50,000 new clients in the nine months of this year , bringing the number to 401,800 by the end of September , the company said ."
positive,Ruukki forecast a 15-20 % annual sales growth and a positive pretax result for 2010 .
positive,"According to Finnish pension insurance company Varma , Varma was the recipient of over two thirds of the revenue of the earnings-related pension cover that was under competitive tendering in Finland ."
neutral,"In 2009 , it reported net sales of approximately EUR 6mn ."
positive,Operating profit rose from EUR 1.94 mn to EUR 2.45 mn .
neutral,`` BG Crane has been a strong partner for Hiab in Australia for many years .
positive,Sales have risen in other export markets .
negative,"ADPnews - Aug 3 , 2009 - Finnish media group Ilkka-Yhtyma Oyj HEL : ILK2S said today its net profit fell 45 % on the year to EUR 5.9 million USD 8.4 m in the first half of 2009 ."
neutral,Part of the reductions will be made through retirement arrangements .
neutral,Payment of shares shall be effected on subscription .
neutral,ND = Not disclosed .
neutral,"As part of the reorganization , Kauko-Telko Ltd will be divided into Telko Ltd , Leipurin Ltd , Hamina Terminal Services Ltd and Kaukomarkkinat Ltd. ."
neutral,`` The flex is a small price to pay for happy lenders . ''
neutral,The full MidnightTrader extended-hours trading analysis and news service is available in real-time through COMTEX .
neutral,Bluewin Security is available as a monthly subscription .
positive,"By implementing the software the Finnish Army aims to unify and improve its operations in these application areas , QPR Software stated ."
positive,"`` Neste Oil has responded to the challenge posed by the European Union 's target of biofuels accounting for 5.8 % of traffic fuel usage in the EU by 2010 by developing its NExBTL technology for producing diesel fuel from renewables , '' the federation said ."
positive,"In accordance with our strategy , we strengthened our local presence by establishing a representative office in South Africa in October ."
positive,"The Lithuanian beer market made up 14.41 million liters in January , a rise of 0.8 percent from the year-earlier figure , the Lithuanian Brewers ' Association reporting citing the results from its members ."
positive,According to Deputy MD Pekka Silvennoinen the aim is double turnover over the next three years .
negative,"ADP News - Apr 22 , 2009 - Finnish business information systems developer Solteq Oyj HEL : STQ1V said today its net loss widened to EUR 189,000 USD 245,000 for the first quarter of 2009 from EUR 10,000 for the same peri"
neutral,"19 May 2010 - Finnish company Lemminkainen Oyj ( HEL : LEM1S ) said today that it will construct an office building at Toolonlahti in downtown Helsinki , without disclosing financial details ."
neutral,"The reductions will be implemented immediately , beginning in October 2009 ."
positive,"STORA ENSO , NORSKE SKOG , M-REAL , UPM-KYMMENE Credit Suisse First Boston ( CFSB ) raised the fair value for shares in four of the largest Nordic forestry groups ."
positive,"The launch of the plant in June went well , and it has been producing the advanced fuel for a couple of weeks ."
positive,"As the largest elevator market in the world , Chinese output of elevators continued to rise to 262,000 units in 2009 , up about 5 % yr-on-yr ."
negative,"Operating loss before non-recurring items was EUR 0.9 mn , compared to a profit of EUR 11.5 mn in 2008 ."
neutral,Okmetic 's silicon wafers are part of a further processing chain that produces end products that improve human interaction and quality of life .
positive,The optimization of the steel components heating process will reduce the energy consumption .
neutral,An EU law on the issue may be introduced around 2010 .
neutral,The company did not distribute a dividend in 2005 .
neutral,It is expected to be online by 2011 .
positive,Sponda will record a profit from the sale of 8.5 mln euro ($ 12.4 mln).
negative,Reported operating margin was a negative 5.9 % .
neutral,"Last July , the group said it intended to relocate warehouse and office space in Loudeac and Saint Marcel to Morvillars , in the east of France , where it already operates a hook manufacturing and distribution unit ."
neutral,The name of the newspaper publishing and printing division Sanoma will be changed to Sanoma News .
neutral,"The 19,200-square metre technology center is located near University of Tampere in central Tampere ."
neutral,"The RME from Telcontar enables the handset to calculate the best route and includes support for user-defined routes , feature navigability and multi-modal routing such as via foot and ferry ."
neutral,The machines will cease production by the end of February 2007 .
positive,The Group 's business is balanced by its broad portfolio of sports and presence in all major markets .
neutral,"Enclosed is Affecto 's call for Extraordinary General Meeting to be held on July 10th where the main agenda is to approve the authorization to the Board for the proposed share issue related to the Component Software acquisition , and to elect Haakon Skaarer to the Affecto board ."
negative,The current lay-offs are additional to the temporary lay-offs agreed in December 2008 and in May 2009 .
neutral,"SDM offers general rental equipment , aluminium scaffolding , power generator and hoists to customers in the construction sector ."
neutral,"Yara Suomi Ltd also provides nitrogen chemicals and technical nitrates to various sectors of industry , as well as products used in environmental protection ."
neutral,"In Finland , the corresponding service is Alma Media 's Etuovi.com , Finland 's most popular and best known nationwide online service for home and property sales ."
positive,"The most loyal customers were found in the Bank of +_land , with an index of 8.0 ."
neutral,"Professional and consumer applications include personal navigation , personal safety , field and workflow management , and asset tracking ."
neutral,"Maximum amount of terminations in Finland is 40 employees , the company added ."
negative,"Rapala VMC Corporation STOCK EXCHANGE RELEASE October 10 , 2008 at 11.45 am Kaupthing Bank Oyj ( `` Kapthing '' ) has informed Rapala VMC Corporation ( `` Rapala '' ) that it has interrupted the liquidity providing for Rapala 's share for the time being ."
negative,"In the fourth quarter of 2008 , net sales decreased to EUR 121.4 mn from EUR 165.5 mn in the fourth quarter of 2007 ."
neutral,The company expects to open its first online shop in the US in the summer in 2011 .
positive,The company also said that in Poland a profitability program has been launched at the Oborniki steel frame and sandwich panel plant .
negative,Earnings per share were at loss of EUR0 .24 .
positive,"Nevertheless , Fitch notes that the business fundamentals of the three banks currently remain sound ."
neutral,"The device offers multimedia performance along with a host of productivity applications , including live stock prices ."
neutral,E 's building system service had revenue of EUR 355 mln in 2007 .
neutral,Teleste BK Optiflex amplifier products will be used in ongoing capacity upgrade of KDG 's network to bi-directionality .
neutral,"Tecnotree 's convergent charging solution includes functionality for prepaid and post-paid billing , charging and rating of voice calls , video calls and raw data traffic for both mobile and fixed networks ."
neutral,"Also , a six-year historic analysis is provided for this market ."
neutral,Talvivaara is listed on the London Stock Exchange Main Market and NASDAQ OMX Helsinki and is included in the FTSE 250 Index .
neutral,"The parties have agreed not to disclose the price of the deal , the group said in a press release ."
positive,The Group also has a strong global position in other fishing categories .
neutral,"Following the issue , the new shares will constitute 10 percent of the firm 's capital ."
neutral,"Sampo Group that has become a major shareholder in Nordea owns TrygVesta 's main competitor , If P & C Insurance ."
neutral,"Aho is proud of the company 's new product , Lordi-Cola ."
neutral,"According to Finnish FIM Bank , Alpro 's price would be around EUR 100mn-150mn ."
neutral,Finnlines said that the deal is part of its strategy to focus on its core businesses .
neutral,"The final price will be specified by 14 May 2010 , the acquiring company said ."
neutral,Aspo 's Group structure and business operations are developed persistently without any predefined schedules .
negative,Salonen added that data shows producers ' pulp inventories in North America are declining . '
positive,"( ADP News ) - Sep 30 , 2008 - Finnish security and privacy software solutions developer Stonesoft Oyj said today that it won a USD 1.9 million ( EUR 1.3 m ) order to deliver its StoneGate network security products to an unnamed Russian te"
neutral,"The total service concept also includes technology services , with which Raute supports its customers throughout the entire life cycle of their investments ."
neutral,"Janis Arbidans , CEO of YIT Celtnieciba , said the company was focusing on housing and real estate development market ."
neutral,BG Crane has a strong customer base in the on-road load handling and related installation and service businesses .
neutral,"Seller is the Finnish Elcoteq Group , the largest European electronics manufacturing services company ."
neutral,M+Ækel+Æ is demanding a new Board for the company as well as discussions on the merger of Alma media and media company Talentum .
neutral,"Payment for acquired shares will be made in cash , and the price per share will be EUR 1 plus an administration fee ."
neutral,"After the signing , the total amount of Aspo 's revolving credit facility agreements is EUR 50 million , which replaces the formerly valid agreements of EUR 80 million ."
positive,Finnish Cargotec 's Kalmar has received a significant order from the US Department of Defense .
neutral,Finnish publishing and printing group Ilkka-Yhtym+Æ will introduced a staff smoking ban as of the beginning of 2007 at the company 's three newspapers .
positive,"Ragutis , which is based in Lithuania 's second-largest city Kaunas , boosted its sales last year 22.3 per cent to 36.4 million liters ."
positive,Commission income rose by 25.7 % to EUR 16.1 mn from EUR 12.8 mn in 2004 .
neutral,"Finnish property investment company Citycon will expand and refurbish +_kersberga shopping center in Stockholm , in Sweden ."
negative,"Earnings per share ( EPS ) amounted to EUR1 .37 , down from EUR2 .30 ."
neutral,"`` In Ukraine , too , we act as a partner for major bakery clients in both production and product development ."
neutral,"Rapala VMC Corporation Rapala , a leading fishing tackle and sporting goods manufacturer and distributor , is the main owner of Peltonen with its 80 % shareholding ."
positive,"agreement with SHB 30 December 2009 - Finnish financial services group Aktia HEL : AKTAV has concluded a market making agreement with Svenska Handelsbanken STO : SHB A , or SHB , the two parties said today ."
neutral,"The newly-completed Allure of the Seas and its identical sister ship , Oasis of the Seas , which was completed last year are the world 's largest cruise ships ."
neutral,The webcast may be followed online on the company website at www.ruukki.com/investors .
positive,Tekla will implement the renewal in software versions which will be introduced in spring 2011 .
negative,"Finnish Suominen Flexible Packaging Ltd , owned by local textile company Suominen Corporation Group ( HEL : SUY1V ) , said today that it would start employee negotiations concerning its entire personnel in Finland ."
neutral,The invention carries International Patent Publication No. .
negative,"`` We cut our frequency to New York last year , which explains the fall , '' he said ."
neutral,"However , the production is almost entirely very labor intensive and based on small investments only ."
neutral,The capital structure of Solidium may be complemented by other financial instruments in the future .
neutral,"After buying Eukor Car Carriers 50 percent stake , Grimaldi Group is now the sole owner of the Swedish roll-on , roll-off port of Wallhamn ."
negative,Earnings per share EPS in 2005 decreased to EUR0 .66 from EUR1 .15 in 2004 .
positive,The pretax profit of the group 's life insurance business increased to EUR36m from EUR27m .
positive,"Upgrades include a five megapixel camera , voice control , and what looks to be an optical mouse instead a D-pad -- an upgrade click-happy S60 has needed forever ."
neutral,"A In August 2007 , Latvijas Finieris ordered all production lines for a new green veneer mill to be built in Ukmerge , central Lithuania ."
positive,"The broker has initiated both Palfinger AG and Konecranes OYJ with ` buy ' recommendations , with 51 and 42 eur price targets respectively ."
positive,`` I am extremely delighted with this project and the continuation of cooperation with Viking Line .
negative,Peer Peugeot fell 0.81 pct as its sales rose only 6.3 pct from the same period last year .
neutral,News Corp. 's MySpace.com Web site will display submissions for the expanded Broadband Emmy Awards as part of an effort to identify aspiring video artists .
neutral,"CS Cabot exports 55 % of its production mainly to Goodyear , Bridgestone and Michelin plants in Poland , as well as to Germany 's Michelin or Italy 's Pirelli through the company 's logistics center in Paris , Stefan said ."
neutral,The dual-fuel engines of the vessel can operate on liquefied natural gas LNG with low emissions .
neutral,Aviation Systems Maintenance is based in Kansas and generated net sales of USD 2.6 million for 2008 .
neutral,RL-Nordic is a part of Raiffeisen-Banking-Group Austria and is a subsidiary to Raiffeisen-Leasing GmbH in Austria .
neutral,"Virala Oy Ab was allocated by the Board of Directors an amount of EUR 1,9 million which is EUR 0,25 million lower than maximum announced on 12/30/2010 ."
neutral,The contract is worth some EUR 1 million .
positive,"According to Viking Line 's Managing Director , Nils-Erik Eklund , the company 's Board of Directors is very satisfied with Viking Line 's performance ."
negative,"In January-August 2009 , imports by sea in container , lorry , and trailer units fell by 27.7 % and exports by 28.6 % from the corresponding period in 2008 ."
positive,"Jens Schulte-Bockum , Vodafone 's global director of terminals , said the company expects to sell one to two million of the Vodafone 125 and 225 models in the first year of launch , and potentially tens of millions over the lifetime of the device ."
neutral,He is resting comfortably and is looking forward to getting back to work . ''
neutral,Exel is headquartered in Mantyharju in Finland .
positive,"is planning to expand its product portfolio in the harbor segment , chief executive Pekka Lundmark told Financial Times Deutschland ."
positive,Stockmann MasterCard has widened the scope of this cooperation to Estonia and Latvia .
positive,"Nokia , which has a strong track record in the lower-end handset market , said in July its touch-screen offering would come this year and be cheaper than rival models in order to tap into a higher-volume market ."
positive,Performance in the second half of 2009 exceeded expectations .
positive,"When the situation normalises , the company will be able to increase the amount of residential units for sale in St Petersburg and Moscow , in particular ."
neutral,The final outcome of the rights offering is to be reported around 23 October 2009 .
positive,"Metsaliitto , however , narrowed its net loss for the second quarter of 2007 to 5.0 mln euro $ 6.9 mln from 61 mln euro $ 83.7 mln a year ago ."
positive,"Having a China based operation will not only enable us to fully leverage our resources and expertise in wireless solutions , but also strengthen our capability to offer industry-leading products for our customers in China . ''"
positive,"We are honored to be recognized by Gartner as a specialist in Business Process Modeling and Analysis , in the company of many of the largest software vendors in the world ."
neutral,Today the orange scissors are the iconic symbol of the excellent ergonomic design and superior quality associated with every product from Fiskars .
neutral,The service developed by Digia facilitates the work and resourcing of health care personnel during vaccination campaigns while providing them with monitoring and management tools .
neutral,Kesko www.kesko.fi is a Finnish retail specialist whose stores offer quality to the daily lives of consumers through valued products and services at competitive prices .
neutral,NetCom expects to complete Turbo 3G deployment in these areas this year .
neutral,"Furthermore , the company will sell the warehouse and office buildings in Loudeac and Saint Marcel and lease new joint premises for these operations in Morvillars ."
neutral,"They are responsible for their own operations , customer relationships , and the development of these ."
positive,"The previously concluded adaptation measures concerning the other personnel are adequate for the time being , Raute said ."
neutral,Other shareholder entitlements became effective today .
neutral,Honkarakenne Oyj - a world-leading manufacturer of genuine wooden homes - will be sponsoring Finnish crosscountry skier Virpi Kuitunen for the next three years .
neutral,"The contract incorporates a Convergent Charging rating solution for voice and data , which includes Internet , GPRS , SMS , MMS and WAP ."
neutral,"The divested company is part of TietoEnator 's business area Government , Manufacturing & Retail ."
negative,17 March 2011 - Goldman Sachs estimates that there are negative prospects for the Norwegian mobile operations of Norway 's Telenor ASA OSL : TEL and Sweden 's TeliaSonera AB STO : TLSN in the short term .
positive,ABB Deutsche Bank upgraded its recommendation on Swiss-Swedish engineering group ABB Ltd. to ` Buy ' from ` Hold ' .
neutral,"Linde acts responsibly towards its shareholders , business partners , employees , society and the environment - in every one of its business areas , regions and locations across the globe ."
positive,"Our strong company brands - ESL Shipping , Leipurin , Telko and Kaukomarkkinat - aim to be the market leaders in their sectors ."
positive,Operating profit rose to 22.1 mln eur from 19.9 mln .
negative,"At 10.33 am , Huhtamaki was the market 's biggest faller , 8.69 pct lower at 11.35 eur , while the OMX Helsinki 25 was 0.32 pct higher at 3,332.41 , and the OMX Helsinki was up 0.47 pct at 11,687.32 ."
neutral,It inspects the companys strategic strengths and weaknesses .
neutral,Finnish Benefon denies claims made in the press that the company is giving up its mobile handset business .
neutral,STOCK EXCHANGE ANNOUNCEMENT 20 July 2006 1 ( 1 ) BASWARE SHARE SUBSCRIPTIONS WITH WARRANTS AND INCREASE IN SHARE CAPITAL A total of 119 850 shares have been subscribed with BasWare Warrant Program .
negative,Glaston 's net profit for the third quarter of 2007 dropped to 2.4 mln euro ( $ 3.5 mln ) from 3.5 mln euro ( $ 5.1 mln ) for the corresponding period of 2006 .
neutral,"The board machine , which will have a wire width of 6.25 m and a design speed of 900 m-min , will produce close to 1,400 tonnes of folding boxboard per day ."
negative,"Finnish plumbing and heating systems supplier Uponor 's net sales in continuing business operations decreased to EUR 249.1 mn in July-September 2008 , compared to EUR 262.1 mn in the third quarter of 2007 ."
neutral,"The fish content of the nuggets is 85 % , and the fish comes from Canada and Finland ."
negative,Asian traffic declined by 3.4 per cent .
positive,"The seminar introduced modern , clean technologies and products , financial tools and sponsorship programs for energy and environment projects as well as the potential to develop clean energy in Vietnam ."
neutral,"According to Finnair Technical Services , the measure is above all due to the employment situation ."
neutral,The financial details of the transaction were not disclosed .
neutral,"The tanks will be delivered to a company which is currently building a chemical tank farm in Antwerp , northern Belgium ."
positive,"In Sweden , operating profit for the period under review totaled EUR 3.4 mn , up 30.8 % from the corresponding period in 2005 ."
neutral,The bank VTB24 provides mortgage loans to buy apartments in the complex at 11-13 % per annum in rubles .
neutral,`` We have the most expensive water brand in Finland at the moment . ''
positive,`` Stonesoft sees great promise in the future of IPv6 .
neutral,"The plant will be fired with a combination of spruce bark , chipped logging residues or milled peat ."
neutral,A few employees would remain at the Oulu plant in support functions for other group units .
neutral,Nordic Walking was first used as a summer training method by cross-country skiers .
neutral,"Seppala transferred the sale to a greater extent than last year to February , and this is reflected on the January sales figures ."
positive,"With the extension of the new contract for a further eight engines , the plant will now produce over 100 MW , it said ."
neutral,GE is building the facility with wind power developer Invenergy Wind LLC .
negative,Finnair 's total traffic decreased by 8.7 % in terms of revenue passenger kilometres .
neutral,"The market value of one crane is some USD6m , reported the Finnish news agency STT ."
neutral,The company distributes Hiab 's products as well as other products .
neutral,Group net sales in the third quarter of 2007 totaled EUR 142.3 mn and operating profit EUR 4.3 mn .
neutral,"- Among other Finnish shares traded in the US , Stora Enso closed 0.33 pct lower at 12.11 eur , UPM-Kymmene was up 0.28 pct at 18.10 eur , and Metso was down 0.13 pct at 31.06 eur ."
negative,Operating profit for continuing operations fell to EUR 48.3 mn from EUR 72.4 mn in the first half of 2007 .
neutral,"The total number of shares in the company will be 585,236,987 Innofactor group Innofactor offers its customers comprehensive solutions in the Microsoft environment ."
neutral,UPM 's aim is to secure Botnia 's strategic development and investments .
neutral,"production facilities 6 July 2010 - Finnish investment group Neomarkka Oyj ( HEL : NEMBV ) said today that it will buy the former production facilities of Kuitu Finland Ltd , as part of negotiations on the option to invest in specialty cellulose fiber business ."
neutral,The terms of the transactions remained undisclosed .
positive,HELSINKI AFX - KCI Konecranes said it has won an order for four hot metal ladle cranes from Indian steel producer Bhushan Steel and Strips Ltd. .
neutral,"The largest construction company in Finland , YIT Corporation , is to acquire 70 % of the shares in the Slovak construction company Reding Bratislava ."
neutral,The new name of the Sanoma Division will be Sanoma News .
positive,"Finnish dental care group Oral Hammaslaakarit Oyj posted a total net profit of 849,000 euro $ 1.1 mln in the first nine months of 2006 versus a net loss of 331,000 euro $ 421,000 in the same period of 2005 ."
neutral,"In the Baltic countries , Atria 's target is organic growth ."
neutral,Net sales in 2006 totaled EUR 302 million and the operating margin was 16 % .
positive,"Exports accounted for 65.4 % of net sales , representing an all time record for the company ."
neutral,The transaction was announced on September 29 when Pohjola Insurance agreed to pay EUR 80 million ( USD 106.3 m ) in cash for Pohjantahti .
neutral,"F-Secure Internet Security 2010 is a security service for surfing the web , online banking and shopping , e-mail , and other online activities ."
negative,Hobby Hall 's sales decrease 26 pct due to implementing a new information system that involved changing in the principal of posting sales .
neutral,Combined net sales in 2006 were $ 27 million and EBITDA was $ 13.7 million .
positive,Metso said it has won an order worth around 40 mln eur to supply a kraftliner board machine to China 's Lee & Man Paper Co. .
negative,"Nordic banks have already had to write off sizable loans in Latvia , with Swedbank , Nordea , DnB NOR and SEB reporting combined losses in excess of $ 1.35 billion in the period 2007 to 2010 against a backdrop of near economic meltdown in Latvia ."
positive,Net sales increased to EUR193 .3 m from EUR179 .9 m and pretax profit rose by 34.2 % to EUR43 .1 m. ( EUR1 = USD1 .4 )
neutral,The machinery now ordered will be placed in a new mill with an annual production capacity of 40 000 m3 of overlaid birch plywood .
positive,"Global sports equipment maker Amer Sports Corp. , whose brands include Atomic , Salomon and Wilson , saw a 64 percent increase in third-quarter net profit to EURO 47.4 million $ 65 million on strong sales and cost cuts ."
negative,"Operating profit excluding non-recurring items decreased to EUR 6.2 mn from EUR 16.8 mn in 2007 , representing 2.3 % of net sales ."
neutral,"France T+_l+_com spent more time studying TeliaSonera than other potential takeover targets because it has a shareholder that wants to sell , Pellissier said ."
positive,"Finnish telecoms software developer Tecnomen Oyj said on December 5 , 2006 it won a $ 3.3 mln ( 2.5 mln euro ) order to supply an expansion of the charging and messaging systems for the mobile and fixed networks of Brasil Telecom ."
neutral,"Based on the design of previous handsets , the Nokia E72 and Nokia E63 this Symbian-based model is promised to offer direct access to over 90 per cent of the world s corporate email through Mail for Exchange and IBM Lotus Notes Traveler ."
positive,"Neste oil 's board proposed 1.00 eur dividend for the full-year 2007 , compared with 0.90 eur a year ago ."
neutral,"Stora Enso said DeLight was suitable for a wide range of applications including food , cosmetics , home decoration and leisure products ."
neutral,s already good position in the technical building services market in Ostrobothnia .
neutral,Basware Einvoices Oy will be merged into the parent company during the present fiscal period .
neutral,"Stockholm , 3 March 2011 About Cybercom The Cybercom Group is a high-tech consultancy that offers global sourcing for end-to-end solutions ."
positive,"Both operating profit and net sales for the three-month period increased , respectively from EUR15 .1 m and EUR131 .5 m , as compared to the corresponding period in 2005 ."
positive,3 January 2011 - Finnish flag carrier Finnair Oyj ( HEL : FIA1S ) said today it sealed a nine-year sale and leaseback agreement for its newest Airbus A330 aircraft for syndication into the Japanese operating lease market .
positive,1 November 2010 - Finnish textile and clothing company Marimekko Oyj ( HEL : MMO1V ) announced on Friday the opening of its first concept store in Seoul in cooperation with Japanese sector player Look Inc ( TYO : 8029 ) .
neutral,The recruits who have completed the K-retailer trainee program are qualified to start a career as independent retailers in K-stores .
neutral,Any investment or investment activity to which this communication relates is only available to relevant persons and will be engaged in only with relevant persons .
neutral,No service pricing details were disclosed .
positive,Singapore in May 2011 1 July 2010 - Finnish air carrier Finnair Oyj ( HEL : FIA1S ) said today it will open a daily route to Singapore on 30 May 2011 as part of its growth strategy in Asia .
neutral,Net profit in the period in 2009 was ( EURO ) 29 million .
negative,"Finnish Scanfil , a contract manufacturer and systems supplier for communication and industrial electronics reports net sales of EUR 108.7 mn in the first half of 2008 , down from EUR 111.1 mn a year earlier ."
neutral,"In the first quarter of 2008 , Sacanfil 's net sales totalled EUR 50.0 mn and its operating profit EUR 4.7 mn ."
neutral,"Jukka Hienonen , the current Finnair CEO , will step down at the end of January 2010 ."
positive,"`` After the share purchase is completed , financing will also be provided to expand Latvia 's broadband infrastructure and to develop new areas of business , including acquisitions of other companies . ''"
neutral,Cargotec 's business areas also include the container handling solutions business area Kalmar and the marine cargo handling and offshore load handling solutions business area MacGREGOR .
neutral,"Paychex has more than 100 offices serving approximately 554,000 payroll clients nationwide as of May 31 , 2009 ."
negative,"A total of 16.5 mn passenger ship journeys took place in the northern Baltic Sea in 2007 , slightly down from 16.5 mn in 2006 ."
positive,Cargotec Germany GmbH has been awarded a contract by Stadtverwaltung Mainz for chassis bodies under Open procedure .
neutral,"According shipping company Viking Line , the EU decision will have a significant financial impact ."
positive,"( ADP News ) - Oct 31 , 2008 - Finnish food company Raisio Oyj ( OMX : RAIVV ) said today that its net profit jumped to EUR 16.4 million ( USD 20.9 m ) for the first nine months of 2008 from EUR 1.1 million for the same period of 2"
neutral,Union and company officials did not return calls yesterday .
neutral,The divested stake represented about 2.7 m shares in Okmetic 's capital .
negative,"Sales in Finland decreased by 10.5 % in January , while sales outside Finland dropped by 17 % ."
positive,We can capitalize on our experience from a number of similar bridge projects in the Nordic countries .
neutral,Dutch publisher De Vijver said today it has agreed to buy a 49 % stake in Belgian weekly magazine Humo from Finnish media company Sanoma HEL : SAA1V .
negative,EB announced in its stock exchange release on November 18th 2008 that J.T. Bergqvist has resigned from the chairmanship and membership of the Board of EB .
positive,"The brokerage said 2006 has seen a ` true turning point ' in European steel base prices , with better pricing seen carrying through the second quarter of 2006 ."
neutral,"A maximum of 666,104 new shares can further be subscribed for by exercising B options under the 2004 stock option plan ."
positive,"HELSINKI (Thomson Financial)- Kemira GrowHow swung into profit in its first quarter earnings on improved sales , especially in its fertilizer business in Europe , which is normally stronger during the first quarter ."
positive,27 January 2011 - Finnish IT solutions provider Affecto Oyj ( HEL : AFE1V ) said today it has won a EUR1 .2 m ( USD1 .6 m ) contract from state-owned Lithuanian Social Insurance Institution ( SODRA ) .
positive,"Within the framework of the partnership , Nokia Siemens Networks has signed an initial framework purchase agreement with Sitronics subsidiary , JSC Mikron , which is the largest manufacturer and exporter of microelectronic components in Russia ."
positive,This resulted in improved sales figures in Sweden .
neutral,About Stonesoft Corporation Stonesoft Corporation ( OMX : SFT1V ) is an innovative provider of integrated network security solutions to secure the information flow of distributed organizations .
positive,Operating income rose to EUR 696.4 mn from EUR 600.3 mn in 2009 .
neutral,"India is high on our priority since business links between our two countries is also expanding , '' Tornstrom said ."
negative,Scanfil will execute the temporary lay-offs by mid-October 2009 and the job cuts by March 2010 .
negative,"In Sweden , there is an oversupply of pharmacies ."
neutral,The turbines are expected to be launched by the end of 2012 .
neutral,"Also Ruukki Construction , Rautaruukki 's construction division , is initiating employer-employee negotiations at its sites in Alaj+Ærvi , Vimpeli and Per+Æsein+Æjoki in Finland ."
positive,"In banking , Sampo A was unchanged at 14.24 eur and Nordea rose 0.42 pct to 9.51 eur ."
neutral,Production is scheduled to start by the end of April 2007 .
positive,"In 2008 , the deal is likely to bring savings of EUR 20mn-25mn ."
neutral,The total amount of subscription prices was recorded in the fund for invested non-restricted equity .
positive,The third order awarded to Outokumpu Technology is by Shalkiya Zinc of Kazakhstan for the Shalkiya zinc-lead project in Kazakhstan .
negative,The total need for staff cuts corresponds to about 300 man-years .
positive,That would be an increase from estimated sales of 117 million last year .
positive,`` We are pleased with the efforts of both negotiating teams and look forward to a productive four years ahead . ''
neutral,"As a result , the number of personnel in Finland will be reduced by 158 ."
negative,Altogether Finnair has canceled over 500 flights because of the strike .
neutral,The proposal by the Board of Directors on the issuance of option rights will otherwise correspond to the proposal by the Board of Directors in the Notice to the General Meeting .
neutral,"Additionally , information on business segments , competitors and future outlook are provided ."
neutral,CapMan made its initial investment in OneMed in June 2006 .
neutral,As a consequence the Works Council had withdrawn its petition to suspend the reorganisation .
neutral,"The deal covers Stockmann Auto Oy Ab 's sales and after-sales services concerning Volkswagen and Audi in Helsinki , Espoo and Vantaa ."
neutral,An Android app will be coming soon .
positive,"At the seminar , a memorandum of understanding on co-operation was signed between the Finnish Kemira Company and Vietnam National Chemical Corporation ."
neutral,The energy shot is packed in a 100-millilitre bag with a screw cap .
negative,"The OMX Nordic 40 OMXN40 index , comprising the 40 most traded Nordic stocks on the Nasdaq OMX exchange , closed down 0.87 % at 1,064.14 points on Thursday ."
positive,"O'Leary 's Material Handling Services , located in Perth , is the leading company in Western Australia that supplies , installs and provides service for tail lifts ."
neutral,"The company reported a profit of 800,000 euro ($ 1.2 mln)on the sale of its Varesvuo Partners sub-group and a loss of 400,000 euro $ 623,000 caused by the sale of its program production subsidiary Oy Filmiteollisuus Fine Ab ."
positive,"ADP News - Nov 6 , 2008 - Finnish retail software developer Aldata Solution Oyj OMX : ALD1V said today that it swung to a net profit of EUR 2.1 million USD 2.7 m for the first nine months of 2008 versus a net loss of EU"
neutral,The companies ' aim is to finalize the negotiations and sign the contracts at the start of October 2008 .
neutral,"ALEXANDRIA , Va. , Jan. 9 -- United States Patent no. 7,862,685 , issued on Jan. 4 , was assigned to Kemira Chemicals Inc. ( Marietta , Ga. ) ."
neutral,The passenger tunnel is expected to be put into operation in 2009 .
neutral,Nokia said the outcome was a `` fair and responsible social plan . ''
neutral,"The business transfer will take effect from 1 January 2007 , and in connection with this 47 employees will transfer from Elisa to Daxtum as continuing employees ."
neutral,"The report profiles 614 companies including many key and niche players worldwide such as Black & Decker Corporation , Fiskars Corporation , Fiskars Brands , Inc. , Husqvarna Outdoor Products Inc. , K+S Group , Ryobi Technologies , Inc. , The Scotts Miracle-Gro Company , and Van Group , Inc. ."
neutral,"These new units will be built at Cargotec 's state of the art manufacturing facility in San Antonio , Texas , USA , which started operations in 2009 ."
neutral,COPYRIGHT AFX News and AFX Financial News Logo are registered trademarks of AFX News Limited
neutral,"In the spring 2006 , a total of 386,530 Stock Options 2002 B were annulled ."
positive,Finnish Raisio ( Diagnostics ) is launching new DNA-based quick tests to ensure the safety of food .
neutral,"The Group 's consolidated net sales for 2008 totaled 3.4 billion euros and it employs approximately 13,000 persons ."
positive,`` It allows the young child to move forward with his life . ''
positive,"Earnings per share ( EPS ) for the first quarter 2007 amounted to EUR0 .07 , up from EUR0 .04 ."
neutral,"ADPnews - Dec 23 , 2009 - Norwegian financial services group SpareBank 1 Gruppen AS OSL : SBGRP said its board of directors appointed today Jarle Haug managing director of its claims collection subsidiary SpareBank 1 Gruppen Finans"
neutral,Curators have divided their material into eight themes .
neutral,"The order includes a new Crecent former , headbox , and reel ."
neutral,One of the largest projects of the magazine division of SanomaWSOY - Sanoma Magazines International in 2006 became launch of the Russian magazine Gloriya .
neutral,"We bring a new , committed leadership and business and strategic know-how to the company that we buy ."
neutral,"One of the opportunities would be to bring all Baltic meat processing to Rakvere , like processing was concentrated at the Vantaa meat-packing unit in Finland , the paper wrote ."
neutral,The bank 's leasing arm Nordea Liising ended the year with a profit of 4.4 million euros .
neutral,"With Aldata , we can help retailers ensure that their merchandising and selections reflect customer demand and their evolving shopping behavior . ''"
neutral,Neste Oil will offer outplacement services to the 111 employees to be reduced .
negative,"Shares in Royal and Sun Alliance continued to slide back from a 12-month high of 172p last month , after a potential suitor ruled itself out of a takeover bid ."
positive,"Kesko Agro Eesti , the retailer and wholesaler of grain , agricultural and warehousing machinery and accessories , had net sales of 81 million euros in 2007 , an increase by one-tenth over the preceding year ."
neutral,Another firm Air Liquide was exempted because it left the market in 1998 .
negative,Kone said in court papers that the union action delayed repairs to elevators at the federal courthouse on Jan. 21 and the Saltonstall state office building on Jan. 23 .
neutral,"In 2007 Talentum will disclose three Interim Reports - Q1 ( January - March ) on Friday , 27 April , 2007 - Q2 ( April - June ) on Friday , 20 July , 2007 - Q3 ( July - September ) on Friday , 26 October , 2007 ."
neutral,"According to the prosecutor , the share transactions were carried out after HK Ruokatalo had proceeded in the negotiations concerning the acquisition of Swedish Meats ."
neutral,Both companies will keep their commercial independence and continue to market their traditional products individually .
neutral,"Fiskars R , founded in 1649 , is one of the oldest companies in the world and is the largest manufacturer of lightweight stainless steel scissors in the U.S. ."
neutral,The first group of customers to be trained will be paint-shop owners and their assistants .
neutral,"At the end of last week , Protalix BioTherapeutics Inc ( AMEX : PLX ) published a prospectus for a first offering on AMEX of about 5 % of its share capital ."
negative,"( ADPnews ) - Feb 3 , 2010 - Finland-based steel maker Rautaruukki Oyj ( HEL : RTRKS ) , or Ruukki , said today it slipped to a larger-than-expected pretax loss of EUR 46 million ( USD 64.5 m ) in the fourth quarter of 2009 from a"
negative,Subscription sales decreased slightly .
positive,"Profit for the period was EUR 5.9 mn , up from EUR 1.3 mn ."
positive,The social plan negotiations were part of the three year turn-around program which is expected to ensure Salomon 's future competitiveness .
negative,"Finnish Food Workers ' Union SEL plans to hasten its collective bargaining with a two-day strike that would begin on 7 April 2010 , in Finland ."
neutral,"In addition , we will launch a versatile online service to complete the traditional printed newspaper , Mr. Valkama says ."
neutral,"The new company , DiaPol S.r.l. , would manufacture tools meant for glass and stone pre-processing ."
neutral,"The total scope of the project is about 38,000 square metres and it is valued at a total of around EUR75m ."
positive,"Russia 's top container shipping group , Fesco , and Finnish logistics company Nurminen Logistics have started a pilot project offering clients direct intermodal transportation service from Finland to Asia Pacific countries , Fesco said in a statement ."
positive,"( ADP News ) - Feb 12 , 2009 - Finnish IT solutions provider Affecto Oyj ( HEL : AFE1V ) said today its net profit rose to EUR 8.5 million ( USD 11m ) in 2008 from EUR 7 million in 2007 ."
neutral,The reductions will be concluded by autumn 2010 .
neutral,"Combined with the Basware Enterprise Purchase to Pay portfolio , it provides a high level of automation for procurement and invoice workflows ."
negative,Finland-based Stockmann Group has closed seven franchising sports stores Nike in Russia .
neutral,"The Finnish food concern Atria is about to acquire two Estonian meat processing companies , Woro Kommerts and Vastse-Kuuste Lihatoostus , reported the Official website www.investinestonia.com ."
neutral,Upon completion of the sale Proha would get some USD12 .7 m for its stake in Artemis .
positive,"Order intake , on the other hand , is expected to be stronger than in 2007 ."
positive,"`` I am very pleased and proud of our performance last year , '' Chief Executive Juha Rantanen said in a statement ."
positive,"Metso expects its net sales to increase by about 10 % in 2008 , at comparable exchange rates ."
neutral,Operating profit totaled EUR 18.6 mn or 8.3 % of net sales .
positive,The EPS outlook was increased by 5.6 pct for 2007 and 7.0 pct for 2008 .
neutral,The aforementioned shareholders have informed that they will propose to the Annual General Meeting that the number of members of the Board of Directors shall be five and that besides the present members of the Board of Directors also Mr Lassi Noponen shall be elected to the Board of Directors .
neutral,"There are currently some ten shops selling Tikkurila 's paints in Kazakhstan , and more shops will be opened continuously ."
negative,"At present , the trade mark Pit-Produkt is little-known outside the North-West of Russia ."
neutral,"As of August 2008 , Glaston 's North Asian sales and service region is upgraded to a new market area , North Asia ."
neutral,Poyry is a global expert in consulting and engineering .
neutral,A filter is used to pre-process packets to determine if they need to be further processed by the processor of the network device .
neutral,`` We know there are some of our own people out there . ''
negative,As a result some 20 persons will no longer be needed .
neutral,"A total of 15,000 new Citycon shares with a nominal value of EUR 1.35 per share were subscribed between 17 and 23 March 2006 exercising the A-B-C options based on the company 's stock option plan 1999 ."
neutral,"Finnish Suominen Corporation that makes wipes , nonwovens , and flexible packaging , has a plant near Warsaw , in Poland , that makes flexible packaging ."
positive,Net cash flow from operations is expected to remain positive .
neutral,Mr. Doring has been with Eaton since 1989 and acted as the Business Unit Manager for Eaton 's Power Controls Business Unit since January 2007 .
positive,Latvenergo has ordered a significant expansion to the Tekla Xpower network information system .
neutral,"The Annual General Meeting approved that the yearly remuneration for the members of the Board of Directors shall remain at EUR 40.000 for the Chairman of the Board , EUR 30.000 for the Deputy Chairman of the Board and EUR 20.000 for other members of the Board ."
neutral,"`` After the transaction , Tikkurila has no powder coatings-related operations , '' the company said ."
neutral,"Depending on the market situation , such projects are sold after 1 to 3 years after completion ."
neutral,"A state program has been worked out , legal provisions have been developed , and rules and normative documents have been specified for the functioning of a technological park ."
negative,"Finnish Bank of +_land reports operating profit of EUR 2.2 mn in the first quarter of 2010 , down from EUR 6.3 mn in the corresponding period in 2009 ."
neutral,"The company is involved in the the sale of financial products including insurance , mortgages , car and personal loans , financial brokerage and equipment finance leasing ."
positive,Deliveries have started and the network will be ready for a launch soon .
neutral,The insurance division turned a EUR120m profit .
positive,The announced restructuring will significantly decrease the Company 's indebtedness .
positive,"Israeli cable network operator HOT Telecom has chosen Teleste , an international technology group , as its exclusive provider of FTTx equipment in Israel , according to Teleste today ."
neutral,All depends on financing .
neutral,"Beef imports fell slightly from 2006 , to 14mn kilos ."
positive,21 December 2010 - Finnish industrial machinery company Wartsila Oyj Abp HEL : WRT1V said yesterday it had won an order to design a liquefied natural gas LNG powered platform supply vessel PSV for Norwegian oil service provider Eidesvik Offshore ASA OSL : EIOF .
positive,Talvivaara has secured a 10-year off-take agreement for 100 per cent of its main output of nickel and cobalt to Norilsk Nickel and entered into a long-term zinc streaming agreement with Nyrstar NV .
neutral,"The product range includes marinated olives , cold cuts , and pates , for example ."
neutral,The acquisition is part of Ramirent 's Central and Eastern European growth strategy .
neutral,Currently the quarterly applied surcharges differ significantly from the actual market prices .
negative,"Frost sold shares for $ 19 million at $ 6.06-7 .12 per share , compared with Friday 's high of $ 11.33 and low of $ 10.14 ."
neutral,All other charges were dismissed .
positive,"The contract covers HDO platform , AC800 and CXE880 optical Fttb nodes designed to increase the forward and return path capacity of the transmission networks ."
negative,"The period 's sales dropped to EUR 30.6 million from EUR 38.3 million , according to the interim report , released today ."
negative,Operating profit in the fourth quarter went down to EUR3m from EUR4 .2 m for the corresponding period of 2009 as it included costs of growth projects .
neutral,Okmetic revised its 2010 financial outlook based on its order book .
positive,"In the second quarter of 2010 , Raute 's net loss narrowed to EUR 123,000 from EUR 1.5 million in the same period of 2009 ."
neutral,The personnel s expertise and high level of technology play a major role in Exel Composites operations .
neutral,"According to Eijkens , a publisher can do much more than just publish colourful books : a publisher can provide value added to information by individualising it ."
negative,"Capacity will ease at its Seikku sawmill in Pori and Alholma sawmill in Pietarsaari and result in 60 people being laid off for around six weeks starting mid-May , it said ."
neutral,"`` If you need malware removal tools , type the URL of your vendor of choice directly into the browser bar and use links on their website , '' wrote Trend Micro 's Rik Ferguson on Monday ."
neutral,"The customer is then forwarded to the site , and unknown to him logged in with the first number ."
positive,"Growth was strongest in F-Secure 's operator ISPs , mobile operators and cable operators business ."
neutral,"The company said that the operations will be sold to a newly established company , CPS GmbH , where the present management of the plastics business is a co-owner ."
negative,"According to Laavainen , Raisio 's food marketing used to be reactive and inconsistent ."
neutral,From Merisatama to the far corners of the world Asfaltti Osakeyhti+¦ Lemmink+Æinen was established in 1910 by a group of master builders in Helsinki as a specialist business and subcontractor .
neutral,"`` The industry is coming to an interesting fork in the road as both handset manufacturers and wireless carriers attempt to serve as the portal for Web-based service to your wireless handset , '' he wrote ."
neutral,`` Management decided at the end of 2005 to increase cathode copper capacity .
neutral,All are welcome .
neutral,The original patent was filed in Finland under application No. .
neutral,"industry in Asia + Pakistan , Malaysia , Taiwan and Philippines Today , Global Research & Data Services is going to publish several market analyses about the cement markets in Asia ."
neutral,"Finnish metal components supplier Componenta on December 26 , 2006 applied for approval with the Turkish Capital Markets Board to launch a mandatory offer for the remaining shares in iron and aluminium castings producer Doktas Dokumculuk ."
neutral,Niam offer financial investors a high return via investments in funds that in turn invest in all types of properties .
negative,The number of salaried employees and group administration employees to be dismissed from the Sievi units is 17 .
neutral,The impact of this acquisition to Teleste 's net sales for 2010 is estimated to be approximately EUR 2 million .
neutral,"The latest result included per-share charges of 5 cents for stock compensation , 1 cent for research and development and 1 cent for strategic investments ."
neutral,"Finnish electronics contract maker Incap Oyj said on January 3 , 2008 it sold its manufacturing facilities in Helsinki to local real estate company Sponda Oyj for 5.3 mln euro ( $ 7.8 mln ) ."
negative,"The workforce will be reduced also in the Amsterdam office , in the Netherlands ."
neutral,"Risto Raty , Tekla 's executive vice president , said that Tekla Structures and ArchiCAD will cover the entire design and documentation workflow throughout a construction project ."
neutral,"Talvivaara Mining Company PLC ( Talvivaara Mining ) ( LSE : TALV ) , a Finland-based nickel mining business , has installed its second production line at its metals recovery plant on June 9 , 2010 ."
positive,The company will enhance the GPRS capability in the existing 12 IDEA telecom service areas and add 10 more service areas to its network .
positive,"Finnish metal products company Componenta Oyj ( HEL : CTH1V ) said today its net loss narrowed to EUR 500,000 ( USD 680,000 ) in the last quarter of 2010 from EUR 5.3 million for the same period a year earlier ."
neutral,More than 80 special events in the three counties during four months were hosted by the library system and its nine branch libraries .
neutral,"As previously announced , GeoSentric Oyj entered into financing agreements with its lead investor on June 30 , 2010 enabling the Company to receive financing up to the aggregate amount of 6M ."
neutral,"The decision will have to be made whether the group agrees to the import of Estonian meat and meat products to Finland , the paper added ."
positive,"However , Simdax will remain available in the markets where it already has been approved as it has marketing authorisations or submitted applications in more than 40 countries , Orion added ."
positive,We are very proud to be able to use this kind of innovative mobile service for voting in elections .
neutral,"Tikkurila Powder Coatings has some 50 employees at its four paint plants , which generated revenues of EUR2 .4 m USD3 .3 m in 2010 ."
neutral,It has80 branches in Finland with annual revenue in Finland of ?
negative,Earnings per share ( EPS ) amounted to a loss of EUR0 .38 .
negative,Commission income fell to EUR 4.6 mn from EUR 5.1 mn in the corresponding period in 2007 .
neutral,The company supports its global customers in developing new technologies and offers a fast route from product development to applications and volume production .
neutral,"The StoneGate product family was designed to provide the full benefits of a unified management system including shared logging , reporting and auditing ."
negative,The stock was hit by the profit warning of Finnish rival Rautaruukki Oyj ( OMX : RTRKS ) .
positive,"We are glad that our long co-operation with SODRA continues '' , comments Stig-Goran Sandberg , Affecto 's Area Manager for Baltic operations ."
positive,The actions are expected to deliver annual cost savings of some EUR15-20m .
positive,"The production capacity can be tripled without any major additional investments , the company said ."
negative,"HELSINKI Thomson Financial - Shares closed little changed , with Cargotec and Huhtamaki dropping sharply on disappointing second-quarter reports ."
positive,"In 2007 , Marimekko has also opened concept stores in Yokohama and Nagoya , central Japan , in Silver Spring in metropolitan Washington DC , USA , in Graz , central Austria , and in Aalborg , northern Denmark ."
neutral,The ground barleycorn has been fully produced in Finland and will be available in stores as of the beginning of 2010 .
neutral,Proline Plus is a mechanical liquid handling device with a robust design suitable for all types of applications .
positive,"With the acquisition , the company will expand its offering to North , Central and South America , it said ."
neutral,"Elcoteq 's global service offering covers the entire lifecycle of products , from product development to after-market services ."
negative,"Finnish electronics contract manufacturer Scanfil reports net sales of EUR 58.9 mn in the second quarter of 2007 , down from EUR 62.4 mn a year earlier ."
neutral,The deliveries are scheduled for the summer and autumn of 2008 .
positive,The bank sees a potential for Getinge share to rise .
neutral,Sanoma will continue to focus on investing in digital media and on strengthening its market positions .
positive,Shareholders of Rakvere Lihakombinaat decided in favor of the buyout of minority shares in mid-July .
negative,Diluted earnings per share ( EPS ) fell to EUR 0.63 from EUR 1.71 .
positive,"The company 's operating income ( EBIT ) totalled EUR 0.0 mn , up from EUR -0.3 mn year-on-year ."
neutral,EB will hold the exclusive rights to market the new entity 's product .
neutral,15 September 2010 - Finnish electrical components maker Salcomp Oyj ( HEL : SAL1V ) announced today the launch of its latest Twist charger platform .
neutral,Philips was not available to comment on the report .
negative,"Operating profit for the 12-month period decreased from EUR28 .2 m while net turnover increased from EUR313 .42 m , as compared to the financial year 2004 ."
neutral,The duration of the lay-offs per employee will vary from one to six weeks .
positive,"The negotiations were carried out in a constructive manner , and all parties tried to find a solution to the situation ."
negative,"Cuts equivalent to the costs of about 35-45 employees are the target , the company said ."
positive,NASDAQ-listed Yahoo Inc has introduced a new service that enables Malaysians to take their favorite Internet content and services with them on their mobile phones .
neutral,The value of the order is around EUR 100 million .
negative,"Result before taxes decreased to nearly EUR 14.5 mn , compared to nearly EUR 20mn in the previous accounting period ."
neutral,"Investments span across various product and investment types , including retail , hospitality , office , and residential , with interests in real-estate portfolios , non-performing loans and corporate restructurings ."
positive,"For the last quarter of 2010 , Componenta 's net sales doubled to EUR131m from EUR76m for the same period a year earlier , while it moved to a zero pre-tax profit from a pre-tax loss of EUR7m ."
neutral,Her present position is the director of Stockmann 's international department stores .
neutral,The output of the contracts totals 72 MWe .
neutral,"The total value of the project is about EUR53m , including the plots that will be transferred to Atria ."
positive,Etteplan targets to employ at least 20 people in Borl+Ænge .
positive,"Operating profit totalled EUR 21.1 mn , up from EUR 18.6 mn in 2007 , representing 9.7 % of net sales ."
neutral,Finnish automation solutions developer Cencorp Corporation ( OMX Helsinki : CNC1V ) reported on Thursday ( 6 November ) an operating loss of EUR1 .3 m on net sales of EUR11 .9 m for the period January to September 2008 .
positive,Exports grew 16.5 percent to 19.1 million liters .
neutral,"The casing comprises a first side casing member provided with the first side vat segment and a second side casing member provided with the second side vat segment , at least the first side casing member being pivotable about a rotation axis ."
neutral,"Proha Plc ( Euronext :7327 ) announced today ( 19 May ) that its fully-owned subsidiary , Safran Software Solutions AS , has agreed to sell its 49 % share of Safran North America LLC to a SNA Holding AS , an investment group based in Norway ."
positive,"Pretax profit totalled EUR 80.8 mn , compared to a loss of EUR 13.1 mn in the corresponding period in 2009 ."
positive,"The recovery of demand that started toward the end of 2009 , continued in January-March 2010 ."
positive,"Under the agreement , TietoEnator will provide Blyk with extended application and business process management services and an IT infrastructure ."
positive,"Finnish financial software developer Basware Oyj said today it will provide its invoice automation ( IA ) solution to an unnamed major retail company in the USA in a deal , worth more than EUR300 ,000 ."
neutral,The non-recurring costs caused to Talentum 's Premedia business area by the restructuring will amount to 2.0 mln euro $ 2.7 mln and will be included in the company 's financial results for the second quarter of 2007 .
neutral,-- Christine Idzelis EQT Partners sheds Salcomp Swedish financial investor EQT Partners is selling a majority of its stake in mobile phone charger manufacturer Salcomp Oyj to Nordic investment company Nordstjernan AB .
neutral,The indexes include the top companies that are committed to sustainable development .
neutral,A comprehensive range of cut-to-length and slitting services will allow Ruukki in particular to serve light engineering customers who relocate their production to the St. Petersburg area .
neutral,"POYRY PLC Additional information by : Heikki Malinen , President and CEO , Poyry PLC tel. +358 10 33 21307 Poyry is a global expert in consulting and engineering ."
positive,"Recovery has been evident in the liquid handling business , particularly in areas outside Europe and primarily in North America and Asia ."
neutral,Panostaja is a financially secure Finnish multi-field corporation that creates healthy companies and company entities .
neutral,The adjustments concern staff in both the Specialty Papers and the Fiber Composites segments .
positive,"Finnish silicon wafers manufacturer Okmetic Oyj said on June 29 , 2007 it signed an agreement with Nordea Bank Finland Plc , the local subsidiary of Swedish commercial bank Nordea Bank AB , which will refinance Okmetic 's syndicated bank facility which amounts to some 20 mln euro ( $ 26.9 mln ) ."
neutral,The annual net sales of the unit is some EUR 5 million and it currently employs some 55 people .
neutral,The sellers were EOSS Innovationsmanagement and a group of private individuals .
neutral,The Engines in Asia-Pacific industry profile is an essential resource for top-level data and analysis covering the engines industry .
neutral,Net investment income
negative,"Only the driver was left in the car with the suspect , who was kidnapped and forced at gunpoint to drive to Durham ."
neutral,"Glaston , headquartered in Tampere , Finland , is a growing and international glass technology company ."
negative,"Operating profit totaled EUR 6.7 mn , down from EUR 7.2 mn in the corresponding period in 2005 ."
neutral,"Mr. Mika Korpinen , APAC Vice President for Comptel concludes : `` Comptel is once again demonstrating the importance of providing reliable delivery and enabling time-to-market ."
neutral,"If Honkarakenne starts production there , it will need a partner for sawmill operations ."
neutral,The expansion is to be finalized in the autumn of 2009 .
negative,"The payment of 2.779 million litas in interest on a long-term loan provided by Ragutis ' majority shareholder , Estonia 's A. Le Coq , also added to the losses ."
neutral,"Ahlstrom , headquartered in Helsinki , Finland , is a global leader in the development , manufacture and marketing of high performance fibre-based materials ."
positive,"In complying with the European Water Framework Directive requirements , the pre-treatment unit will be fully renovated , including hydraulics of waste water inception , degridding , sand and grease removal and treatment and deodorization of the unit ."
positive,"Salo , Finland , 29 August 2006 - Benefon has today announced its plans to further strengthen its in-house technology platform , by licensing the complete mobile software platform , Opna , from its long-standing technology partner , Pollex ."
neutral,"A worm set to activate Friday will corrupt documents using the most common file types , including '' ."
neutral,The company said that it has agreed to a EUR160m unsecured credit line from lenders .
neutral,"The group posted net sales of 35.3 mln euro $ 46.5 mln and an operating profit of 760,000 euro $ 1.0 mln in 2005 ."
neutral,"This implementation will upgrade the existing system , enabling voicemail and video mail to be housed on the same platform ."
negative,Bosse added that Trygvesta does not have the financial strength to acquire the entire unit .
neutral,"`` That 's a very high figure on the European scale , '' Noop said , recalling however that this also includes beer bought by Finnish tourists ."
negative,Scanfil issued a profit warning on 10 April 2006 .
positive,Operating profit improved by 27 % to EUR 579.8 mn from EUR 457.2 mn in 2006 .
positive,"narrows to EUR2 .8 m 9-mo '09 29 October 2009 - Finnish software and hardware developer Elektrobit Oyj HEL : EBG1V , or EB , said today that its net loss narrowed to EUR2 .8 m for the first nine months of 2009 from EUR35 .6 m for the same period a year ago ."
neutral,The combined capital of these funds is expected to be EUR 100mn-150mn .
positive,Olvi has posted a strong set of figures for the first six months of this year .
neutral,"The company also appointed Leif Rosen head of the Special Plate unit which includes the quarto plate units in Degerfors , Sweden , and New Castle , USA , the unit in Willich , Germany , as well as Pressplate and Prefab in Avesta and Plate Service Centre Nordic in Degerfors ."
negative,L&T 's net profit for the whole 2010 dropped to EUR 36 million from EUR 45 million for 2009 .
positive,"Production capacity will rise gradually from 170,000 tonnes to 215,000 tonnes ."
neutral,A merger between UPM and Finnish-Swedish Stora Enso is not likely either .
positive,"`` The transaction strengthens our position ... in design and branded goods , '' said Fiskars president and CEO Heikki Allonen , pointing out that the two groups have relatively few overlapping operations ."
neutral,Rental of building equipment accounted for 88 percent of the operating income .
positive,"Talentum expects that the net sales of its core business will increase in 2008 , compared to 2007 ."
neutral,Stora Enso will receive a 19.9 pct equity interest in the combined company .
neutral,Mursula said they tried to gather macro-economic perspective to see how Malaysia was doing .
positive,"`` In terms of profitability and earnings 2007 was the best year in our history , '' Chief Executive Veli-Matti Mattila said ."
negative,"Sales at the Tiimari business went down by 8 % to EUR 11.8 million , while Gallerix stores saw 29 % growth to EUR 2 million ."
neutral,The statutory negotiations at headquarters are part of this decrease .
neutral,"Finnish publisher Alma Media ( HEL : ALN1V ) said Wednesday it has decided to further extend its EUR1 .85 ( USD2 .75 ) apiece mandatory tender offer for media group Talentum ( HEL : TTM1V ) , which started on 19 August , until 16 November ."
negative,Sales at the unit slumped last year after the industry was hit by poor snowfall in the major resorts in the winter of 2006-07 .
positive,All of Raisio 's divisions recorded an operating profit .
positive,"Operating profit totalled EUR 7.0 mn , up from a loss of EUR 4.0 mn in the second quarter of 2009 ."
neutral,"May 29 , 2010 ( CompaniesandMarkets.com delivered by Newstex ) -- This report provides key data and information on the meat , fish and poultry market in Finland ."
neutral,A huge issue for us is the button placement .
positive,"The money will be spent `` on strengthening the company 's competitiveness in the sphere of sawmill products and increasing the volume of wood delivered for processing in Russia , '' the release says ."
positive,"Fiskars has a strong portfolio of international brands , which include Fiskars , Iittala , Gerber , Silva and Buster ."
neutral,"The EBRD is using its own funds to provide a 21.6 million A loan while the B portion of 10 million Euros has been syndicated to two Finnish commercial banks , Nordea Bank Finland Plc 7.7 million Euros and Pohjola Bank Plc 2.3 million Euros ."
neutral,"Technopolis plans to develop in stages an area of no less than 100,000 square meters in order to host companies working in computer technologies and telecommunications , the statement said ."
positive,"Via the Satlan acquisition , Teleste plans to further expand its market presence as a video services partner for cable operators , broadcasters and IPTV service providers ."
neutral,"BasWare is headquartered in Espoo , Finland ."
positive,"Revenue grew by 2 percent to  x20ac 580 million $ 743 million , from  x20ac 569 million ."
neutral,Yakima created the position for him after emerging from economic downturns of its own .
positive,Rapala said it estimates it will make savings of 1-2 mln eur a year by centralising its French operations at one site .
positive,"`` Our customers now have the chance to make bookings for all the services they want at one location , '' said Mikko Tuomainen , in-charge of Finnair 's Internet ( sales ) ."
negative,Return on capital employed ROCE was a negative 2.3 % compared to 11.3 % in 2007 .
negative,"All the ferries had run into trouble just outside the Stockholm archipelago , made up of more than 20,000 islands ."
positive,"For the first nine months of 2010 , Talvivaara 's net loss narrowed to EUR 8.3 million from EUR 21.9 million for the same period of 2009 ."
neutral,A broad range of connectivity options including 3G - HSPA and Wi-Fi gives consumers high speed access to the Internet .
positive,It also turned in earnings per share ( EPS ) of EUR 0.44 versus loss per share of EUR 2.26 .
negative,Chief executive officer Olli-Pekka Kallasvuo 's changes on Tuesday mark the third time in nine months the company has reshuffled executives and operations as Nokia loses ground to Apple 's iPhone and RIM 's BlackBerry .
positive,15 December 2010 - Finnish-German telecoms equipment maker Nokia Siemens Networks said today it won a contract to upgrade the radio network of home-based telecommunications company Elisa Oyj HEL : ELI1V .
neutral,"Price talk is in the mid-market swaps plus 105 bps area and the leads are Barclays , BNPP , UBS and CBA ."
neutral,The presentation material can be viewed on the company 's website in English after the conference .
neutral,"Previously , Vaahto Pulp has supplied headboxes with rectifier roll and dilution control technology for Stora Enso 's mill in Imatra , eastern Finland ."
neutral,"ALEXANDRIA , Va. , June 7 -- Michael G. Williams of Newbury Park , Calif. , has developed a network device ."
positive,Finnish office supplies and computer accessories dealer Beltton-Group Plc said its net profit rose to 1.3 mln euro ( $ 1.7 mln ) in 2006 from 1.13 mln euro ( $ 1.5 mln ) in 2005 .
negative,"In October , UPM reported a third-quarter net loss of euro86 million $ 110 million compared with a net profit of euro120 million in 2007 ."
positive,"Nokia bought Chicago-based Navteq in 2008 , acquiring a maps database to compete with Google s maps as well as with navigation device companies such as TomTom NV and Garmin Ltd. ."
neutral,The goal is significant expansion in Finland and in the northern Baltic region .
neutral,As an overall effect of the above-mentioned measures Glaston will recognize non-recurring expenses of EUR 12 million in the fourth quarter of 2008 .
neutral,Profit after taxes totaled EUR 12.1 mn .
positive,Return on equity stood at 18.3 % compared to 15.4 % in the third quarter of 2005 .
negative,Also construction expenses have gone up in Russia .
neutral,Market data and analytics are derived from primary and secondary research .
neutral,"The antibody , administered at repeated doses of up to 8 mg-kg , was generally well tolerated , and the pharmacokinetic characteristics of BTT-1023 in psoriasis patients were consistent with those observed in a previously completed study in rheumatoid arthritis RA patients ."
neutral,"SSH Communications Security Corporation is headquartered in Helsinki , Finland ."
positive,Finnish financial group Aktia 's operating profit for 2009 increased to EUR 47.0 mn from EUR 6.6 mn in 2008 .
neutral,"Jun. 14 , 2009 ( AOL Weblogs delivered by Newstex ) -- Looks like the E71 is about to be upstaged as Nokia 's ( NYSE : NOK ) premier business-class smartphone -- someone in Espoo 's just hit the corporate YouTube account with this promo video for an E72 ."
neutral,"Neste Oil said it will build a biodiesel production facility in Rotterdam , the Netherlands , at an estimated cost of 670 million euros , naming France-based Technip as the project 's main contractor ."
neutral,The impact of Cableway to Teleste 's net sales in 2009 is estimated to be EUR 4 million .
neutral,"Russia accounted for 9 % of the Lagardere magazine division 's revenue , or EUR 114.40 mn ( USD 148.11 mn ) in 2009 , the USA - for 18 % ."
neutral,"Based on negotiations with personnel , some 20 % have indicated their willingness to move to the new location ."
positive,"In the Homeware area , Fiskars provides leading branded products for home , kitchen , and interior design ."
neutral,This ideally placed them in a position to tap into the potential of clean technology .
neutral,"Our customers include companies in the energy and process industry sectors , in particular ."
neutral,"ALEXANDRIA , Va. , Oct. 15 -- Aaron Moss of Hampshire , Great Britain , has developed an ornamental design for a handset , the U.S. Patent & Trademark Office announced ."
positive,Strong growth has continued also in China .
neutral,"Outotec 's scope of delivery covers the engineering , supply of special equipment and services for a calcination plant with two circulating fluid bed calciners ."
positive,"The subdivision made sales revenues last year of EUR 480.7 million EUR 414.9 million in 2008 , and operating profits of EUR 44.5 million EUR 7.4 million ."
neutral,No pricing details were disclosed .
negative,And U.S. energy executives say high steel prices are threatening energy exploration .
neutral,"BasWare Invoice Processing , BasWare Contract Matching , BasWare Order Matching and BasWare KPI Reporting Tool are part of the BasWare 's Enterprise Purchase to Pay solution suite ."
neutral,Nordea 's chairman of the board Hans Dalborg has informed the nomination committee that he will not be up for re-election at the Annual General Meeting in 2011 .
positive,Viking Line manages well with its current ferries .
